"state","year","region","base_years_schooling","base_bachelors","state_growth_rate","nat_gdp_growth","nat_income_growth","gdp_growth_pct","income_growth_pct","edu_investment_pct","bachelors_plus_pct","hs_completion_pct","avg_years_schooling","income_tier","education_tier"
"Alabama",2004,"South",13.911287534144,33.2877010608158,0.26803861502394,3.8,2.4,3.74,1.5,2.49,35.77,87.97,14.53,"Moderate (1.0-3.0%)","Some College"
"Alabama",2005,"South",13.911287534144,33.2877010608158,0.26803861502394,3.5,2.1,1.17,2.14,4.11,35.91,86.84,14.44,"Moderate (1.0-3.0%)","Some College"
"Alabama",2006,"South",13.911287534144,33.2877010608158,0.26803861502394,2.9,2.8,4.65,3.19,3.91,39.25,87.6,14.62,"High (3.0%+)","Bachelor's+"
"Alabama",2007,"South",13.911287534144,33.2877010608158,0.26803861502394,1.9,1.5,1.49,1.96,1.22,37.58,88.13,14.47,"Moderate (1.0-3.0%)","Some College"
"Alabama",2008,"South",13.911287534144,33.2877010608158,0.26803861502394,-0.1,-0.8,-0.8,0.25,0.19,34.69,85.93,14.19,"Low (<1.0%)","Some College"
"Alabama",2009,"South",13.911287534144,33.2877010608158,0.26803861502394,-2.5,-1.9,-4.36,-0.78,0.97,32.67,85.74,13.66,"Low (<1.0%)","Some College"
"Alabama",2010,"South",13.911287534144,33.2877010608158,0.26803861502394,2.6,1.2,2.59,-1.71,2.41,37.8,89.62,14.16,"Low (<1.0%)","Some College"
"Alabama",2011,"South",13.911287534144,33.2877010608158,0.26803861502394,1.6,1.1,0.4,3.17,2.02,37.89,88.38,14.55,"High (3.0%+)","Some College"
"Alabama",2012,"South",13.911287534144,33.2877010608158,0.26803861502394,2.2,1.8,1.4,2.35,2.22,40.7,90.3,14.56,"Moderate (1.0-3.0%)","Bachelor's+"
"Alabama",2013,"South",13.911287534144,33.2877010608158,0.26803861502394,1.8,1.6,3.73,0.92,3.91,37.73,92.4,14.81,"Low (<1.0%)","Some College"
"Alabama",2014,"South",13.911287534144,33.2877010608158,0.26803861502394,2.5,2.1,2.24,0.76,1.38,38.36,89.8,14.37,"Low (<1.0%)","Bachelor's+"
"Alabama",2015,"South",13.911287534144,33.2877010608158,0.26803861502394,2.7,2.3,1.09,3.39,6.49,42.61,91.26,15.12,"High (3.0%+)","Bachelor's+"
"Alabama",2016,"South",13.911287534144,33.2877010608158,0.26803861502394,1.7,1.4,1.94,1.79,2.93,41.08,90.52,14.81,"Moderate (1.0-3.0%)","Bachelor's+"
"Alabama",2017,"South",13.911287534144,33.2877010608158,0.26803861502394,2.2,1.9,1.66,3.19,1.85,38.59,89.97,15.1,"High (3.0%+)","Bachelor's+"
"Alabama",2018,"South",13.911287534144,33.2877010608158,0.26803861502394,2.9,2.5,3.79,2.43,2.96,40.76,90.89,14.98,"Moderate (1.0-3.0%)","Bachelor's+"
"Alabama",2019,"South",13.911287534144,33.2877010608158,0.26803861502394,2.3,2,4.45,1.71,3.99,39.7,92.97,15.41,"Moderate (1.0-3.0%)","Bachelor's+"
"Alabama",2020,"South",13.911287534144,33.2877010608158,0.26803861502394,-2.8,-1.5,-4.29,1.19,1.47,36.72,90.28,14.45,"Moderate (1.0-3.0%)","Some College"
"Alabama",2021,"South",13.911287534144,33.2877010608158,0.26803861502394,5.9,4.2,6.58,1.76,1.84,42.09,93.15,15.3,"Moderate (1.0-3.0%)","Bachelor's+"
"Alabama",2022,"South",13.911287534144,33.2877010608158,0.26803861502394,2.1,1.8,2.23,2.27,0.19,41.85,92.35,14.9,"Moderate (1.0-3.0%)","Bachelor's+"
"Alabama",2023,"South",13.911287534144,33.2877010608158,0.26803861502394,2.5,2.2,3.84,2.66,3.04,43.55,91.98,15.12,"Moderate (1.0-3.0%)","Bachelor's+"
"Alabama",2024,"South",13.911287534144,33.2877010608158,0.26803861502394,2.8,2.4,2.46,2.93,3.74,42.8,92.08,15.17,"Moderate (1.0-3.0%)","Bachelor's+"
"Alaska",2004,"West",13.3305905485812,28.8646442364785,0.261790043486709,3.8,2.4,5.05,3.07,3.71,36.25,88.13,14.17,"High (3.0%+)","Some College"
"Alaska",2005,"West",13.3305905485812,28.8646442364785,0.261790043486709,3.5,2.1,0.88,1.77,3.49,31.9,87.63,13.78,"Moderate (1.0-3.0%)","Some College"
"Alaska",2006,"West",13.3305905485812,28.8646442364785,0.261790043486709,2.9,2.8,5.43,4.2,4.11,37.78,89.66,14.54,"High (3.0%+)","Some College"
"Alaska",2007,"West",13.3305905485812,28.8646442364785,0.261790043486709,1.9,1.5,3.2,-1.45,3.45,32.33,89.51,13.7,"Low (<1.0%)","Some College"
"Alaska",2008,"West",13.3305905485812,28.8646442364785,0.261790043486709,-0.1,-0.8,-0.33,-1.77,3.92,30.97,87.97,13.67,"Low (<1.0%)","Some College"
"Alaska",2009,"West",13.3305905485812,28.8646442364785,0.261790043486709,-2.5,-1.9,-4.67,-2.04,-0.68,27.56,85.22,13.2,"Low (<1.0%)","High School or Less"
"Alaska",2010,"West",13.3305905485812,28.8646442364785,0.261790043486709,2.6,1.2,3.56,1.4,2.12,33.05,88.03,14.08,"Moderate (1.0-3.0%)","Some College"
"Alaska",2011,"West",13.3305905485812,28.8646442364785,0.261790043486709,1.6,1.1,2.32,1.59,3.16,32.34,88.4,14.2,"Moderate (1.0-3.0%)","Some College"
"Alaska",2012,"West",13.3305905485812,28.8646442364785,0.261790043486709,2.2,1.8,2.19,2.57,2.96,35.77,90.5,14.15,"Moderate (1.0-3.0%)","Some College"
"Alaska",2013,"West",13.3305905485812,28.8646442364785,0.261790043486709,1.8,1.6,2.03,-0.21,-0.02,30.43,89.35,13.61,"Low (<1.0%)","Some College"
"Alaska",2014,"West",13.3305905485812,28.8646442364785,0.261790043486709,2.5,2.1,1.62,2.11,3.13,33.75,91.02,14.18,"Moderate (1.0-3.0%)","Some College"
"Alaska",2015,"West",13.3305905485812,28.8646442364785,0.261790043486709,2.7,2.3,3.25,2.93,1.43,35.42,89.63,14.32,"Moderate (1.0-3.0%)","Some College"
"Alaska",2016,"West",13.3305905485812,28.8646442364785,0.261790043486709,1.7,1.4,2.14,2.99,1.17,36.06,90.09,14.16,"Moderate (1.0-3.0%)","Some College"
"Alaska",2017,"West",13.3305905485812,28.8646442364785,0.261790043486709,2.2,1.9,1.78,1.76,4.61,36.79,91.52,14.37,"Moderate (1.0-3.0%)","Some College"
"Alaska",2018,"West",13.3305905485812,28.8646442364785,0.261790043486709,2.9,2.5,0.9,4.42,3.66,35.07,91.16,14.75,"High (3.0%+)","Some College"
"Alaska",2019,"West",13.3305905485812,28.8646442364785,0.261790043486709,2.3,2,3.35,1.66,2.11,36.51,90.52,14.37,"Moderate (1.0-3.0%)","Some College"
"Alaska",2020,"West",13.3305905485812,28.8646442364785,0.261790043486709,-2.8,-1.5,-1.97,-1.56,3.41,30.39,89.48,14.1,"Low (<1.0%)","Some College"
"Alaska",2021,"West",13.3305905485812,28.8646442364785,0.261790043486709,5.9,4.2,4.65,4.39,2.76,42.07,90.52,14.76,"High (3.0%+)","Bachelor's+"
"Alaska",2022,"West",13.3305905485812,28.8646442364785,0.261790043486709,2.1,1.8,-0.29,1.2,3.15,34.35,92.12,14.16,"Moderate (1.0-3.0%)","Some College"
"Alaska",2023,"West",13.3305905485812,28.8646442364785,0.261790043486709,2.5,2.2,2.81,3.06,4.5,40.92,93.4,14.63,"High (3.0%+)","Bachelor's+"
"Alaska",2024,"West",13.3305905485812,28.8646442364785,0.261790043486709,2.8,2.4,2.28,0.79,4.28,36.95,93.02,14.63,"Low (<1.0%)","Some College"
"Arizona",2004,"West",13.6089385234012,38.3029100791679,0.179871654126406,3.8,2.4,4.18,2.39,4.76,44.39,89.62,14.34,"Moderate (1.0-3.0%)","Bachelor's+"
"Arizona",2005,"West",13.6089385234012,38.3029100791679,0.179871654126406,3.5,2.1,1.56,1.45,2.12,40.01,87.32,14.02,"Moderate (1.0-3.0%)","Bachelor's+"
"Arizona",2006,"West",13.6089385234012,38.3029100791679,0.179871654126406,2.9,2.8,1.46,2.14,1.78,41.56,86.88,14.2,"Moderate (1.0-3.0%)","Bachelor's+"
"Arizona",2007,"West",13.6089385234012,38.3029100791679,0.179871654126406,1.9,1.5,3.53,2.88,4.56,44.86,89.57,14.65,"Moderate (1.0-3.0%)","Bachelor's+"
"Arizona",2008,"West",13.6089385234012,38.3029100791679,0.179871654126406,-0.1,-0.8,0.51,0.46,2.07,42.21,88.46,13.9,"Low (<1.0%)","Bachelor's+"
"Arizona",2009,"West",13.6089385234012,38.3029100791679,0.179871654126406,-2.5,-1.9,-1.62,0.02,0.7,38.01,86.57,13.94,"Low (<1.0%)","Bachelor's+"
"Arizona",2010,"West",13.6089385234012,38.3029100791679,0.179871654126406,2.6,1.2,5.32,0.88,2.37,41.42,89.54,14.39,"Low (<1.0%)","Bachelor's+"
"Arizona",2011,"West",13.6089385234012,38.3029100791679,0.179871654126406,1.6,1.1,1.79,1.14,4.1,41.28,89.94,14.3,"Moderate (1.0-3.0%)","Bachelor's+"
"Arizona",2012,"West",13.6089385234012,38.3029100791679,0.179871654126406,2.2,1.8,-0.8,-0.06,2.67,40.56,89.33,13.86,"Low (<1.0%)","Bachelor's+"
"Arizona",2013,"West",13.6089385234012,38.3029100791679,0.179871654126406,1.8,1.6,2.3,1.13,4.47,43.79,89.88,14.35,"Moderate (1.0-3.0%)","Bachelor's+"
"Arizona",2014,"West",13.6089385234012,38.3029100791679,0.179871654126406,2.5,2.1,4.26,4.22,2.53,45.44,89.34,14.81,"High (3.0%+)","Bachelor's+"
"Arizona",2015,"West",13.6089385234012,38.3029100791679,0.179871654126406,2.7,2.3,5.79,1.8,4.05,45.74,92.67,14.85,"Moderate (1.0-3.0%)","Bachelor's+"
"Arizona",2016,"West",13.6089385234012,38.3029100791679,0.179871654126406,1.7,1.4,-0.37,0,0.59,40.16,89.49,13.98,"Low (<1.0%)","Bachelor's+"
"Arizona",2017,"West",13.6089385234012,38.3029100791679,0.179871654126406,2.2,1.9,0.47,1.95,2.24,42.51,89.83,14.6,"Moderate (1.0-3.0%)","Bachelor's+"
"Arizona",2018,"West",13.6089385234012,38.3029100791679,0.179871654126406,2.9,2.5,1.84,4,1.54,47.56,90.44,14.91,"High (3.0%+)","Bachelor's+"
"Arizona",2019,"West",13.6089385234012,38.3029100791679,0.179871654126406,2.3,2,0.72,0.11,2.68,42.57,90.57,14.18,"Low (<1.0%)","Bachelor's+"
"Arizona",2020,"West",13.6089385234012,38.3029100791679,0.179871654126406,-2.8,-1.5,-3.77,-1.8,0.82,40.11,88.34,13.79,"Low (<1.0%)","Bachelor's+"
"Arizona",2021,"West",13.6089385234012,38.3029100791679,0.179871654126406,5.9,4.2,5.62,4.76,5.42,52.29,93.11,15.49,"High (3.0%+)","Bachelor's+"
"Arizona",2022,"West",13.6089385234012,38.3029100791679,0.179871654126406,2.1,1.8,0.3,4.17,2.47,43.78,92.4,15,"High (3.0%+)","Bachelor's+"
"Arizona",2023,"West",13.6089385234012,38.3029100791679,0.179871654126406,2.5,2.2,5.56,1.46,3.18,46.28,95.17,15.07,"Moderate (1.0-3.0%)","Bachelor's+"
"Arizona",2024,"West",13.6089385234012,38.3029100791679,0.179871654126406,2.8,2.4,2.96,4.22,0.8,46.29,92.07,15.03,"High (3.0%+)","Bachelor's+"
"Arkansas",2004,"South",13.6898587814883,34.5715972228693,0.29393927606691,3.8,2.4,3.67,1.88,2.56,39.92,87.28,14.26,"Moderate (1.0-3.0%)","Bachelor's+"
"Arkansas",2005,"South",13.6898587814883,34.5715972228693,0.29393927606691,3.5,2.1,4.24,0.86,2.57,37.97,88.38,14.28,"Low (<1.0%)","Some College"
"Arkansas",2006,"South",13.6898587814883,34.5715972228693,0.29393927606691,2.9,2.8,2.96,1.44,4.27,39.51,88.02,14.36,"Moderate (1.0-3.0%)","Bachelor's+"
"Arkansas",2007,"South",13.6898587814883,34.5715972228693,0.29393927606691,1.9,1.5,1.7,1.23,3.06,38.46,87.45,14.6,"Moderate (1.0-3.0%)","Bachelor's+"
"Arkansas",2008,"South",13.6898587814883,34.5715972228693,0.29393927606691,-0.1,-0.8,2.12,-0.83,1.93,37.38,87.77,13.92,"Low (<1.0%)","Some College"
"Arkansas",2009,"South",13.6898587814883,34.5715972228693,0.29393927606691,-2.5,-1.9,-2.83,-2.29,1.42,33.08,87.15,13.49,"Low (<1.0%)","Some College"
"Arkansas",2010,"South",13.6898587814883,34.5715972228693,0.29393927606691,2.6,1.2,0.67,2.46,2.36,42.27,86.53,14.42,"Moderate (1.0-3.0%)","Bachelor's+"
"Arkansas",2011,"South",13.6898587814883,34.5715972228693,0.29393927606691,1.6,1.1,2.18,1.33,3.05,38.33,88.6,14.54,"Moderate (1.0-3.0%)","Bachelor's+"
"Arkansas",2012,"South",13.6898587814883,34.5715972228693,0.29393927606691,2.2,1.8,1.67,1.67,2.14,39.24,89.19,14.41,"Moderate (1.0-3.0%)","Bachelor's+"
"Arkansas",2013,"South",13.6898587814883,34.5715972228693,0.29393927606691,1.8,1.6,1.02,0.88,3.73,40.24,89.92,14.41,"Low (<1.0%)","Bachelor's+"
"Arkansas",2014,"South",13.6898587814883,34.5715972228693,0.29393927606691,2.5,2.1,0.9,0.54,3.84,40.32,89.01,14.39,"Low (<1.0%)","Bachelor's+"
"Arkansas",2015,"South",13.6898587814883,34.5715972228693,0.29393927606691,2.7,2.3,3.34,-0.05,1.6,38.51,89.76,14.58,"Low (<1.0%)","Bachelor's+"
"Arkansas",2016,"South",13.6898587814883,34.5715972228693,0.29393927606691,1.7,1.4,1.44,1.66,3.63,41.1,89.1,14.57,"Moderate (1.0-3.0%)","Bachelor's+"
"Arkansas",2017,"South",13.6898587814883,34.5715972228693,0.29393927606691,2.2,1.9,2.97,1.93,1.99,40.1,91.15,14.66,"Moderate (1.0-3.0%)","Bachelor's+"
"Arkansas",2018,"South",13.6898587814883,34.5715972228693,0.29393927606691,2.9,2.5,2.55,4.14,3.03,44.84,91.67,15.12,"High (3.0%+)","Bachelor's+"
"Arkansas",2019,"South",13.6898587814883,34.5715972228693,0.29393927606691,2.3,2,1.31,2.35,3.59,41.43,91.19,14.94,"Moderate (1.0-3.0%)","Bachelor's+"
"Arkansas",2020,"South",13.6898587814883,34.5715972228693,0.29393927606691,-2.8,-1.5,-0.92,-0.54,2.32,38.09,90.74,14.31,"Low (<1.0%)","Bachelor's+"
"Arkansas",2021,"South",13.6898587814883,34.5715972228693,0.29393927606691,5.9,4.2,5.49,4.25,3.64,46.25,90.85,15.29,"High (3.0%+)","Bachelor's+"
"Arkansas",2022,"South",13.6898587814883,34.5715972228693,0.29393927606691,2.1,1.8,3.52,0.82,3.17,41.74,93.68,15.07,"Low (<1.0%)","Bachelor's+"
"Arkansas",2023,"South",13.6898587814883,34.5715972228693,0.29393927606691,2.5,2.2,0.7,2.55,4.91,44.35,92.23,15.17,"Moderate (1.0-3.0%)","Bachelor's+"
"Arkansas",2024,"South",13.6898587814883,34.5715972228693,0.29393927606691,2.8,2.4,2.1,2.81,4.35,44.3,92.52,15.27,"Moderate (1.0-3.0%)","Bachelor's+"
"California",2004,"West",13.6212804969423,32.3590425863984,0.193329063649687,3.8,2.4,3.4,1.42,3.03,35.27,87.47,14.06,"Moderate (1.0-3.0%)","Some College"
"California",2005,"West",13.6212804969423,32.3590425863984,0.193329063649687,3.5,2.1,2.91,2.07,2.49,34.29,87.99,14.02,"Moderate (1.0-3.0%)","Some College"
"California",2006,"West",13.6212804969423,32.3590425863984,0.193329063649687,2.9,2.8,4.92,5.2,5.69,37.64,90.19,14.94,"High (3.0%+)","Some College"
"California",2007,"West",13.6212804969423,32.3590425863984,0.193329063649687,1.9,1.5,1.87,0.14,2.67,36.27,88.15,14.04,"Low (<1.0%)","Some College"
"California",2008,"West",13.6212804969423,32.3590425863984,0.193329063649687,-0.1,-0.8,0.27,0.97,2.56,37.02,86.8,14.18,"Low (<1.0%)","Some College"
"California",2009,"West",13.6212804969423,32.3590425863984,0.193329063649687,-2.5,-1.9,-3.91,-2.17,2.4,32.62,86.84,13.34,"Low (<1.0%)","Some College"
"California",2010,"West",13.6212804969423,32.3590425863984,0.193329063649687,2.6,1.2,1.51,2.98,1.72,36.73,88.49,14.56,"Moderate (1.0-3.0%)","Some College"
"California",2011,"West",13.6212804969423,32.3590425863984,0.193329063649687,1.6,1.1,3.1,0.09,2.41,36.31,89.35,14.2,"Low (<1.0%)","Some College"
"California",2012,"West",13.6212804969423,32.3590425863984,0.193329063649687,2.2,1.8,4.09,1.72,2.77,38.4,90.6,14.51,"Moderate (1.0-3.0%)","Bachelor's+"
"California",2013,"West",13.6212804969423,32.3590425863984,0.193329063649687,1.8,1.6,3.67,1.97,3.31,37.95,90.03,14.62,"Moderate (1.0-3.0%)","Some College"
"California",2014,"West",13.6212804969423,32.3590425863984,0.193329063649687,2.5,2.1,0.43,1.96,-0.77,36.04,88.13,14.11,"Moderate (1.0-3.0%)","Some College"
"California",2015,"West",13.6212804969423,32.3590425863984,0.193329063649687,2.7,2.3,5.77,3.09,3.23,41.38,92.28,14.93,"High (3.0%+)","Bachelor's+"
"California",2016,"West",13.6212804969423,32.3590425863984,0.193329063649687,1.7,1.4,3.23,1.2,3.82,39.58,93.13,14.56,"Moderate (1.0-3.0%)","Bachelor's+"
"California",2017,"West",13.6212804969423,32.3590425863984,0.193329063649687,2.2,1.9,2.16,3.35,3.02,40.63,90.54,14.79,"High (3.0%+)","Bachelor's+"
"California",2018,"West",13.6212804969423,32.3590425863984,0.193329063649687,2.9,2.5,3.96,2.7,3.61,39.54,92.38,14.79,"Moderate (1.0-3.0%)","Bachelor's+"
"California",2019,"West",13.6212804969423,32.3590425863984,0.193329063649687,2.3,2,0.84,2.83,0.35,38.02,91.35,14.47,"Moderate (1.0-3.0%)","Bachelor's+"
"California",2020,"West",13.6212804969423,32.3590425863984,0.193329063649687,-2.8,-1.5,-4.44,-2.92,0.93,31.8,90.29,13.84,"Low (<1.0%)","Some College"
"California",2021,"West",13.6212804969423,32.3590425863984,0.193329063649687,5.9,4.2,5.97,3.41,3.65,40.46,92.66,15.48,"High (3.0%+)","Bachelor's+"
"California",2022,"West",13.6212804969423,32.3590425863984,0.193329063649687,2.1,1.8,0.3,3.11,2.11,37.75,92.07,14.74,"High (3.0%+)","Some College"
"California",2023,"West",13.6212804969423,32.3590425863984,0.193329063649687,2.5,2.2,2.79,2.81,3.91,40.34,93.78,14.96,"Moderate (1.0-3.0%)","Bachelor's+"
"California",2024,"West",13.6212804969423,32.3590425863984,0.193329063649687,2.8,2.4,4.75,2.24,5.16,42.2,96.21,15.34,"Moderate (1.0-3.0%)","Bachelor's+"
"Colorado",2004,"West",13.4681626451726,33.1062029891659,0.224220552498243,3.8,2.4,2.25,2.27,2.37,38.01,87.36,13.93,"Moderate (1.0-3.0%)","Bachelor's+"
"Colorado",2005,"West",13.4681626451726,33.1062029891659,0.224220552498243,3.5,2.1,2.39,3.01,2,38.15,87.33,14.14,"High (3.0%+)","Bachelor's+"
"Colorado",2006,"West",13.4681626451726,33.1062029891659,0.224220552498243,2.9,2.8,2.97,2.53,2.59,36.07,87.06,13.93,"Moderate (1.0-3.0%)","Some College"
"Colorado",2007,"West",13.4681626451726,33.1062029891659,0.224220552498243,1.9,1.5,0.37,1.59,3.04,36.92,87.55,13.99,"Moderate (1.0-3.0%)","Some College"
"Colorado",2008,"West",13.4681626451726,33.1062029891659,0.224220552498243,-0.1,-0.8,-0.67,-2.78,1.66,31.47,87.85,13.67,"Low (<1.0%)","Some College"
"Colorado",2009,"West",13.4681626451726,33.1062029891659,0.224220552498243,-2.5,-1.9,-1.19,0.23,1.14,35.38,87.86,13.7,"Low (<1.0%)","Some College"
"Colorado",2010,"West",13.4681626451726,33.1062029891659,0.224220552498243,2.6,1.2,4.05,2.12,3.15,37.77,88.6,14.5,"Moderate (1.0-3.0%)","Some College"
"Colorado",2011,"West",13.4681626451726,33.1062029891659,0.224220552498243,1.6,1.1,2.18,2.1,4.28,37.24,89.36,14.34,"Moderate (1.0-3.0%)","Some College"
"Colorado",2012,"West",13.4681626451726,33.1062029891659,0.224220552498243,2.2,1.8,-0.58,-0.49,0.72,34.71,87.37,13.86,"Low (<1.0%)","Some College"
"Colorado",2013,"West",13.4681626451726,33.1062029891659,0.224220552498243,1.8,1.6,1.72,1.57,2.14,36.8,89.7,14.16,"Moderate (1.0-3.0%)","Some College"
"Colorado",2014,"West",13.4681626451726,33.1062029891659,0.224220552498243,2.5,2.1,4.1,1.61,1.96,40.3,90.29,14.35,"Moderate (1.0-3.0%)","Bachelor's+"
"Colorado",2015,"West",13.4681626451726,33.1062029891659,0.224220552498243,2.7,2.3,3.92,0.65,5.86,38.84,92.2,14.6,"Low (<1.0%)","Bachelor's+"
"Colorado",2016,"West",13.4681626451726,33.1062029891659,0.224220552498243,1.7,1.4,1.41,2.27,1.86,39.27,90.21,14.42,"Moderate (1.0-3.0%)","Bachelor's+"
"Colorado",2017,"West",13.4681626451726,33.1062029891659,0.224220552498243,2.2,1.9,-1.85,3.38,2.53,39.58,90.49,14.48,"High (3.0%+)","Bachelor's+"
"Colorado",2018,"West",13.4681626451726,33.1062029891659,0.224220552498243,2.9,2.5,2.99,1.84,2.94,39.54,91.73,14.67,"Moderate (1.0-3.0%)","Bachelor's+"
"Colorado",2019,"West",13.4681626451726,33.1062029891659,0.224220552498243,2.3,2,3.16,1.72,2.74,40.65,90.86,14.5,"Moderate (1.0-3.0%)","Bachelor's+"
"Colorado",2020,"West",13.4681626451726,33.1062029891659,0.224220552498243,-2.8,-1.5,-2.73,0.55,0.75,35.41,88.75,13.99,"Low (<1.0%)","Some College"
"Colorado",2021,"West",13.4681626451726,33.1062029891659,0.224220552498243,5.9,4.2,6.14,2.22,2.88,40.91,92.84,14.89,"Moderate (1.0-3.0%)","Bachelor's+"
"Colorado",2022,"West",13.4681626451726,33.1062029891659,0.224220552498243,2.1,1.8,2.75,2.69,4.43,39.1,94.37,14.94,"Moderate (1.0-3.0%)","Bachelor's+"
"Colorado",2023,"West",13.4681626451726,33.1062029891659,0.224220552498243,2.5,2.2,1.91,1.82,3.32,39.62,93.07,14.54,"Moderate (1.0-3.0%)","Bachelor's+"
"Colorado",2024,"West",13.4681626451726,33.1062029891659,0.224220552498243,2.8,2.4,4.76,2.26,3.47,43.06,93.9,15.1,"Moderate (1.0-3.0%)","Bachelor's+"
"Connecticut",2004,"Northeast",13.9534565992317,34.7171552642211,0.203109764725246,3.8,2.4,4.51,1.67,2.04,38.74,88.05,14.52,"Moderate (1.0-3.0%)","Bachelor's+"
"Connecticut",2005,"Northeast",13.9534565992317,34.7171552642211,0.203109764725246,3.5,2.1,1.64,3.42,1.91,37.38,88.1,14.55,"High (3.0%+)","Some College"
"Connecticut",2006,"Northeast",13.9534565992317,34.7171552642211,0.203109764725246,2.9,2.8,4.97,1.45,4.63,40.06,90.08,14.84,"Moderate (1.0-3.0%)","Bachelor's+"
"Connecticut",2007,"Northeast",13.9534565992317,34.7171552642211,0.203109764725246,1.9,1.5,3.71,2.66,1.92,36.59,88.92,14.67,"Moderate (1.0-3.0%)","Some College"
"Connecticut",2008,"Northeast",13.9534565992317,34.7171552642211,0.203109764725246,-0.1,-0.8,1.14,0.89,1.66,38.26,88.77,14.28,"Low (<1.0%)","Bachelor's+"
"Connecticut",2009,"Northeast",13.9534565992317,34.7171552642211,0.203109764725246,-2.5,-1.9,-4.99,-3.87,1.44,30.5,87.27,13.45,"Low (<1.0%)","Some College"
"Connecticut",2010,"Northeast",13.9534565992317,34.7171552642211,0.203109764725246,2.6,1.2,1.75,-0.15,2.98,37.67,89.84,14.39,"Low (<1.0%)","Some College"
"Connecticut",2011,"Northeast",13.9534565992317,34.7171552642211,0.203109764725246,1.6,1.1,2.55,1.81,2.04,39.77,89.93,14.72,"Moderate (1.0-3.0%)","Bachelor's+"
"Connecticut",2012,"Northeast",13.9534565992317,34.7171552642211,0.203109764725246,2.2,1.8,2.27,0.65,4.66,38.63,88.46,14.57,"Low (<1.0%)","Bachelor's+"
"Connecticut",2013,"Northeast",13.9534565992317,34.7171552642211,0.203109764725246,1.8,1.6,2.32,0.77,1.27,40.36,88.75,14.46,"Low (<1.0%)","Bachelor's+"
"Connecticut",2014,"Northeast",13.9534565992317,34.7171552642211,0.203109764725246,2.5,2.1,6.19,1.57,5.56,43.15,91.27,15.32,"Moderate (1.0-3.0%)","Bachelor's+"
"Connecticut",2015,"Northeast",13.9534565992317,34.7171552642211,0.203109764725246,2.7,2.3,1.47,1.89,3.42,40.72,90.12,14.77,"Moderate (1.0-3.0%)","Bachelor's+"
"Connecticut",2016,"Northeast",13.9534565992317,34.7171552642211,0.203109764725246,1.7,1.4,-1.47,2.24,-0.96,38.54,90.37,14.45,"Moderate (1.0-3.0%)","Bachelor's+"
"Connecticut",2017,"Northeast",13.9534565992317,34.7171552642211,0.203109764725246,2.2,1.9,2.61,1.18,3.17,41.67,91.24,15.2,"Moderate (1.0-3.0%)","Bachelor's+"
"Connecticut",2018,"Northeast",13.9534565992317,34.7171552642211,0.203109764725246,2.9,2.5,1.87,2.61,3.52,42.16,91.94,15.03,"Moderate (1.0-3.0%)","Bachelor's+"
"Connecticut",2019,"Northeast",13.9534565992317,34.7171552642211,0.203109764725246,2.3,2,2.97,2.88,1.94,44.59,91.11,15.08,"Moderate (1.0-3.0%)","Bachelor's+"
"Connecticut",2020,"Northeast",13.9534565992317,34.7171552642211,0.203109764725246,-2.8,-1.5,-4.02,-3.35,0.78,33.57,89.78,14.12,"Low (<1.0%)","Some College"
"Connecticut",2021,"Northeast",13.9534565992317,34.7171552642211,0.203109764725246,5.9,4.2,9.22,3.37,2.82,47.51,93.49,15.81,"High (3.0%+)","Bachelor's+"
"Connecticut",2022,"Northeast",13.9534565992317,34.7171552642211,0.203109764725246,2.1,1.8,1.91,2.83,1.48,40.04,91.69,15.24,"Moderate (1.0-3.0%)","Bachelor's+"
"Connecticut",2023,"Northeast",13.9534565992317,34.7171552642211,0.203109764725246,2.5,2.2,1.78,1.75,2.7,40.99,93.74,15.47,"Moderate (1.0-3.0%)","Bachelor's+"
"Connecticut",2024,"Northeast",13.9534565992317,34.7171552642211,0.203109764725246,2.8,2.4,2.55,-0.64,3.09,40.17,93.1,15.28,"Low (<1.0%)","Bachelor's+"
"Delaware",2004,"South",13.4716022884761,32.3593315463163,0.215105993121801,3.8,2.4,5.09,1.37,3.44,35.84,88.25,14.27,"Moderate (1.0-3.0%)","Some College"
"Delaware",2005,"South",13.4716022884761,32.3593315463163,0.215105993121801,3.5,2.1,3.65,3.08,2.17,37.22,87.59,14.01,"High (3.0%+)","Some College"
"Delaware",2006,"South",13.4716022884761,32.3593315463163,0.215105993121801,2.9,2.8,0.46,2.29,2.85,36.4,86.77,13.92,"Moderate (1.0-3.0%)","Some College"
"Delaware",2007,"South",13.4716022884761,32.3593315463163,0.215105993121801,1.9,1.5,1.89,1.01,4.16,35.19,87.98,13.79,"Moderate (1.0-3.0%)","Some College"
"Delaware",2008,"South",13.4716022884761,32.3593315463163,0.215105993121801,-0.1,-0.8,1.04,-0.97,1.59,34.12,86.73,13.53,"Low (<1.0%)","Some College"
"Delaware",2009,"South",13.4716022884761,32.3593315463163,0.215105993121801,-2.5,-1.9,-2.44,-1.04,1.34,32.96,87.04,13.52,"Low (<1.0%)","Some College"
"Delaware",2010,"South",13.4716022884761,32.3593315463163,0.215105993121801,2.6,1.2,3.7,0.61,2.47,36.82,88.5,14.2,"Low (<1.0%)","Some College"
"Delaware",2011,"South",13.4716022884761,32.3593315463163,0.215105993121801,1.6,1.1,1.38,1.67,2.32,35.54,89.72,14,"Moderate (1.0-3.0%)","Some College"
"Delaware",2012,"South",13.4716022884761,32.3593315463163,0.215105993121801,2.2,1.8,2.11,2.49,2.83,36.46,90.54,14.27,"Moderate (1.0-3.0%)","Some College"
"Delaware",2013,"South",13.4716022884761,32.3593315463163,0.215105993121801,1.8,1.6,2.52,0.38,2.63,35.71,88.74,14.36,"Low (<1.0%)","Some College"
"Delaware",2014,"South",13.4716022884761,32.3593315463163,0.215105993121801,2.5,2.1,3.99,2.03,2.77,39.36,89.32,14.48,"Moderate (1.0-3.0%)","Bachelor's+"
"Delaware",2015,"South",13.4716022884761,32.3593315463163,0.215105993121801,2.7,2.3,0.83,1.65,1.68,38.98,89.24,14.36,"Moderate (1.0-3.0%)","Bachelor's+"
"Delaware",2016,"South",13.4716022884761,32.3593315463163,0.215105993121801,1.7,1.4,1.65,1.9,2.54,37.21,90.23,14.44,"Moderate (1.0-3.0%)","Some College"
"Delaware",2017,"South",13.4716022884761,32.3593315463163,0.215105993121801,2.2,1.9,2.09,0.09,2.39,38.88,90.74,14.23,"Low (<1.0%)","Bachelor's+"
"Delaware",2018,"South",13.4716022884761,32.3593315463163,0.215105993121801,2.9,2.5,1.76,4.35,1.87,38.49,91.37,14.57,"High (3.0%+)","Bachelor's+"
"Delaware",2019,"South",13.4716022884761,32.3593315463163,0.215105993121801,2.3,2,0.75,3.62,2.68,38.66,90.11,14.67,"High (3.0%+)","Bachelor's+"
"Delaware",2020,"South",13.4716022884761,32.3593315463163,0.215105993121801,-2.8,-1.5,-3.75,-2.51,1.36,32.93,90.01,13.63,"Low (<1.0%)","Some College"
"Delaware",2021,"South",13.4716022884761,32.3593315463163,0.215105993121801,5.9,4.2,6.78,3.4,4.24,42.46,92.79,15.14,"High (3.0%+)","Bachelor's+"
"Delaware",2022,"South",13.4716022884761,32.3593315463163,0.215105993121801,2.1,1.8,1.48,0.71,1.12,38.02,91.15,14.45,"Low (<1.0%)","Bachelor's+"
"Delaware",2023,"South",13.4716022884761,32.3593315463163,0.215105993121801,2.5,2.2,1.32,2.04,2.88,40.52,92.67,14.66,"Moderate (1.0-3.0%)","Bachelor's+"
"Delaware",2024,"South",13.4716022884761,32.3593315463163,0.215105993121801,2.8,2.4,3.05,1.8,3.43,41.83,93.15,14.71,"Moderate (1.0-3.0%)","Bachelor's+"
"Florida",2004,"South",14.1055271141631,20.0276396673883,0.22752772138006,3.8,2.4,1.94,2.54,2.24,24.36,87.5,14.47,"Moderate (1.0-3.0%)","High School or Less"
"Florida",2005,"South",14.1055271141631,20.0276396673883,0.22752772138006,3.5,2.1,5.07,-0.15,4.19,22.31,87.73,14.73,"Low (<1.0%)","High School or Less"
"Florida",2006,"South",14.1055271141631,20.0276396673883,0.22752772138006,2.9,2.8,2.17,2.99,4.17,24.36,88.01,14.92,"Moderate (1.0-3.0%)","High School or Less"
"Florida",2007,"South",14.1055271141631,20.0276396673883,0.22752772138006,1.9,1.5,2.18,1.52,3.05,23.48,87.85,14.72,"Moderate (1.0-3.0%)","High School or Less"
"Florida",2008,"South",14.1055271141631,20.0276396673883,0.22752772138006,-0.1,-0.8,-0.02,-2.72,2.91,21.16,88.52,14.23,"Low (<1.0%)","High School or Less"
"Florida",2009,"South",14.1055271141631,20.0276396673883,0.22752772138006,-2.5,-1.9,-2.5,-1.57,2.79,18.26,87.31,14.01,"Low (<1.0%)","High School or Less"
"Florida",2010,"South",14.1055271141631,20.0276396673883,0.22752772138006,2.6,1.2,5.31,1.27,5.58,26.03,89.49,15.09,"Moderate (1.0-3.0%)","High School or Less"
"Florida",2011,"South",14.1055271141631,20.0276396673883,0.22752772138006,1.6,1.1,0.36,0.82,1.53,23.73,88.93,14.66,"Low (<1.0%)","High School or Less"
"Florida",2012,"South",14.1055271141631,20.0276396673883,0.22752772138006,2.2,1.8,3.92,1.78,2.69,26.99,90.18,15.17,"Moderate (1.0-3.0%)","High School or Less"
"Florida",2013,"South",14.1055271141631,20.0276396673883,0.22752772138006,1.8,1.6,1.85,2.06,2.16,25.46,90.07,14.79,"Moderate (1.0-3.0%)","High School or Less"
"Florida",2014,"South",14.1055271141631,20.0276396673883,0.22752772138006,2.5,2.1,1.25,2.52,3.7,28,89.99,14.83,"Moderate (1.0-3.0%)","High School or Less"
"Florida",2015,"South",14.1055271141631,20.0276396673883,0.22752772138006,2.7,2.3,2.6,1.78,3.48,23.35,89.76,15.09,"Moderate (1.0-3.0%)","High School or Less"
"Florida",2016,"South",14.1055271141631,20.0276396673883,0.22752772138006,1.7,1.4,2.82,2.78,4,27.71,89.68,15.3,"Moderate (1.0-3.0%)","High School or Less"
"Florida",2017,"South",14.1055271141631,20.0276396673883,0.22752772138006,2.2,1.9,1.56,1.86,2.83,25.95,91.48,15.17,"Moderate (1.0-3.0%)","High School or Less"
"Florida",2018,"South",14.1055271141631,20.0276396673883,0.22752772138006,2.9,2.5,1.74,2.34,2.18,25.19,91.54,15.3,"Moderate (1.0-3.0%)","High School or Less"
"Florida",2019,"South",14.1055271141631,20.0276396673883,0.22752772138006,2.3,2,2.53,3.13,1.01,26.35,91.07,15.22,"High (3.0%+)","High School or Less"
"Florida",2020,"South",14.1055271141631,20.0276396673883,0.22752772138006,-2.8,-1.5,-1.32,-0.31,-0.44,22.99,88.15,14.44,"Low (<1.0%)","High School or Less"
"Florida",2021,"South",14.1055271141631,20.0276396673883,0.22752772138006,5.9,4.2,5.79,3.36,6.15,32.6,93.36,15.63,"High (3.0%+)","Some College"
"Florida",2022,"South",14.1055271141631,20.0276396673883,0.22752772138006,2.1,1.8,0.02,0.61,2.01,25.64,92.1,14.8,"Low (<1.0%)","High School or Less"
"Florida",2023,"South",14.1055271141631,20.0276396673883,0.22752772138006,2.5,2.2,0.54,1.35,2.83,27.39,91.63,15.18,"Moderate (1.0-3.0%)","High School or Less"
"Florida",2024,"South",14.1055271141631,20.0276396673883,0.22752772138006,2.8,2.4,1.65,0.99,3.33,26.18,92.93,15.34,"Low (<1.0%)","High School or Less"
"Georgia",2004,"South",13.4811857702843,33.1395318141226,0.22476643831988,3.8,2.4,3.01,0.26,4.64,35.99,86.85,13.88,"Low (<1.0%)","Some College"
"Georgia",2005,"South",13.4811857702843,33.1395318141226,0.22476643831988,3.5,2.1,3.47,2.47,3.8,38,88.32,14.35,"Moderate (1.0-3.0%)","Some College"
"Georgia",2006,"South",13.4811857702843,33.1395318141226,0.22476643831988,2.9,2.8,3.91,2.63,3.2,38.51,87.11,14.31,"Moderate (1.0-3.0%)","Bachelor's+"
"Georgia",2007,"South",13.4811857702843,33.1395318141226,0.22476643831988,1.9,1.5,1.25,2.27,3.27,37.79,87.37,14.05,"Moderate (1.0-3.0%)","Some College"
"Georgia",2008,"South",13.4811857702843,33.1395318141226,0.22476643831988,-0.1,-0.8,-1.77,-0.8,1.89,33.26,88.04,13.64,"Low (<1.0%)","Some College"
"Georgia",2009,"South",13.4811857702843,33.1395318141226,0.22476643831988,-2.5,-1.9,-1.59,-1.41,0.77,33.86,86.98,13.54,"Low (<1.0%)","Some College"
"Georgia",2010,"South",13.4811857702843,33.1395318141226,0.22476643831988,2.6,1.2,3.01,0.6,4.05,38.17,90.38,14.15,"Low (<1.0%)","Bachelor's+"
"Georgia",2011,"South",13.4811857702843,33.1395318141226,0.22476643831988,1.6,1.1,3.34,-0.05,3.2,35.84,89.73,14.21,"Low (<1.0%)","Some College"
"Georgia",2012,"South",13.4811857702843,33.1395318141226,0.22476643831988,2.2,1.8,-0.32,2.73,1.86,37.74,89.52,14.3,"Moderate (1.0-3.0%)","Some College"
"Georgia",2013,"South",13.4811857702843,33.1395318141226,0.22476643831988,1.8,1.6,1.93,2.51,1.47,36.2,89.24,14.38,"Moderate (1.0-3.0%)","Some College"
"Georgia",2014,"South",13.4811857702843,33.1395318141226,0.22476643831988,2.5,2.1,4.53,0.02,4.74,38.57,91.43,14.51,"Low (<1.0%)","Bachelor's+"
"Georgia",2015,"South",13.4811857702843,33.1395318141226,0.22476643831988,2.7,2.3,3.79,3.35,2.67,40.91,90.99,14.57,"High (3.0%+)","Bachelor's+"
"Georgia",2016,"South",13.4811857702843,33.1395318141226,0.22476643831988,1.7,1.4,0.45,-0.73,2.02,34.81,89.57,14.05,"Low (<1.0%)","Some College"
"Georgia",2017,"South",13.4811857702843,33.1395318141226,0.22476643831988,2.2,1.9,3.3,1.85,2.96,39.8,92.33,14.43,"Moderate (1.0-3.0%)","Bachelor's+"
"Georgia",2018,"South",13.4811857702843,33.1395318141226,0.22476643831988,2.9,2.5,1.59,2.03,2.41,39.17,91.51,14.51,"Moderate (1.0-3.0%)","Bachelor's+"
"Georgia",2019,"South",13.4811857702843,33.1395318141226,0.22476643831988,2.3,2,1.62,1.85,3.15,39.56,90.58,14.49,"Moderate (1.0-3.0%)","Bachelor's+"
"Georgia",2020,"South",13.4811857702843,33.1395318141226,0.22476643831988,-2.8,-1.5,-1.02,-0.18,2.78,36.21,91.73,14.09,"Low (<1.0%)","Some College"
"Georgia",2021,"South",13.4811857702843,33.1395318141226,0.22476643831988,5.9,4.2,5.46,2.69,4.28,43.6,92.6,14.9,"Moderate (1.0-3.0%)","Bachelor's+"
"Georgia",2022,"South",13.4811857702843,33.1395318141226,0.22476643831988,2.1,1.8,3.34,1.48,1.24,41.01,90.03,14.63,"Moderate (1.0-3.0%)","Bachelor's+"
"Georgia",2023,"South",13.4811857702843,33.1395318141226,0.22476643831988,2.5,2.2,2.06,5.26,-0.27,41.18,91.6,14.83,"High (3.0%+)","Bachelor's+"
"Georgia",2024,"South",13.4811857702843,33.1395318141226,0.22476643831988,2.8,2.4,0.44,0.63,1.69,39.43,91.31,14.36,"Low (<1.0%)","Bachelor's+"
"Hawaii",2004,"West",13.891460896267,30.5310614290361,0.218996297965304,3.8,2.4,2.53,1.65,2.54,32.75,86.81,14.36,"Moderate (1.0-3.0%)","Some College"
"Hawaii",2005,"West",13.891460896267,30.5310614290361,0.218996297965304,3.5,2.1,1.87,2.05,2.38,33.9,86.74,14.59,"Moderate (1.0-3.0%)","Some College"
"Hawaii",2006,"West",13.891460896267,30.5310614290361,0.218996297965304,2.9,2.8,2.17,3.04,0.98,35.23,85.34,14.66,"High (3.0%+)","Some College"
"Hawaii",2007,"West",13.891460896267,30.5310614290361,0.218996297965304,1.9,1.5,1.4,0.86,1.6,33.31,87.11,14.18,"Low (<1.0%)","Some College"
"Hawaii",2008,"West",13.891460896267,30.5310614290361,0.218996297965304,-0.1,-0.8,-0.33,-1.12,-0.28,30.59,87.75,13.83,"Low (<1.0%)","Some College"
"Hawaii",2009,"West",13.891460896267,30.5310614290361,0.218996297965304,-2.5,-1.9,-2.86,-0.6,4.31,33.28,86.2,14.09,"Low (<1.0%)","Some College"
"Hawaii",2010,"West",13.891460896267,30.5310614290361,0.218996297965304,2.6,1.2,5.44,0.98,4.29,35.75,91.06,14.77,"Low (<1.0%)","Some College"
"Hawaii",2011,"West",13.891460896267,30.5310614290361,0.218996297965304,1.6,1.1,-0.48,1.4,1.85,34.43,89.43,14.59,"Moderate (1.0-3.0%)","Some College"
"Hawaii",2012,"West",13.891460896267,30.5310614290361,0.218996297965304,2.2,1.8,1.58,2.24,0.21,34.81,87.92,14.6,"Moderate (1.0-3.0%)","Some College"
"Hawaii",2013,"West",13.891460896267,30.5310614290361,0.218996297965304,1.8,1.6,2.32,2.09,2.38,34.97,91.41,14.8,"Moderate (1.0-3.0%)","Some College"
"Hawaii",2014,"West",13.891460896267,30.5310614290361,0.218996297965304,2.5,2.1,4.94,2.69,4.47,38.4,90.05,15.18,"Moderate (1.0-3.0%)","Bachelor's+"
"Hawaii",2015,"West",13.891460896267,30.5310614290361,0.218996297965304,2.7,2.3,2.83,2.37,3.78,36.81,90.66,14.91,"Moderate (1.0-3.0%)","Some College"
"Hawaii",2016,"West",13.891460896267,30.5310614290361,0.218996297965304,1.7,1.4,3.56,0.55,3.61,37.36,90.66,14.95,"Low (<1.0%)","Some College"
"Hawaii",2017,"West",13.891460896267,30.5310614290361,0.218996297965304,2.2,1.9,-0.27,1.83,3.61,36.38,91.3,14.6,"Moderate (1.0-3.0%)","Some College"
"Hawaii",2018,"West",13.891460896267,30.5310614290361,0.218996297965304,2.9,2.5,5.07,1.34,1.35,35.09,90.45,14.98,"Moderate (1.0-3.0%)","Some College"
"Hawaii",2019,"West",13.891460896267,30.5310614290361,0.218996297965304,2.3,2,1.26,2.11,1.06,38.16,90.36,14.99,"Moderate (1.0-3.0%)","Bachelor's+"
"Hawaii",2020,"West",13.891460896267,30.5310614290361,0.218996297965304,-2.8,-1.5,-3.21,-1.92,1.01,29.19,88.69,13.98,"Low (<1.0%)","High School or Less"
"Hawaii",2021,"West",13.891460896267,30.5310614290361,0.218996297965304,5.9,4.2,4.24,4.06,3.45,41.01,93.18,15.3,"High (3.0%+)","Bachelor's+"
"Hawaii",2022,"West",13.891460896267,30.5310614290361,0.218996297965304,2.1,1.8,2.3,0.48,2.05,35.74,92.48,14.79,"Low (<1.0%)","Some College"
"Hawaii",2023,"West",13.891460896267,30.5310614290361,0.218996297965304,2.5,2.2,5.18,1.86,4.99,41.51,93.51,15.53,"Moderate (1.0-3.0%)","Bachelor's+"
"Hawaii",2024,"West",13.891460896267,30.5310614290361,0.218996297965304,2.8,2.4,6.43,1.09,1.48,39.58,92.86,15.29,"Moderate (1.0-3.0%)","Bachelor's+"
"Idaho",2004,"West",14.1859936178103,32.7409222594624,0.224322909117681,3.8,2.4,2.18,1.91,1.44,37.2,86.05,14.56,"Moderate (1.0-3.0%)","Some College"
"Idaho",2005,"West",14.1859936178103,32.7409222594624,0.224322909117681,3.5,2.1,4.23,2.73,5.19,38.51,88.45,15.13,"Moderate (1.0-3.0%)","Bachelor's+"
"Idaho",2006,"West",14.1859936178103,32.7409222594624,0.224322909117681,2.9,2.8,4.98,3.09,4.56,36.35,87.6,14.92,"High (3.0%+)","Some College"
"Idaho",2007,"West",14.1859936178103,32.7409222594624,0.224322909117681,1.9,1.5,1.61,2.58,0.66,35.8,89.02,14.8,"Moderate (1.0-3.0%)","Some College"
"Idaho",2008,"West",14.1859936178103,32.7409222594624,0.224322909117681,-0.1,-0.8,-0.43,-0.21,2.86,34.58,86.7,14.4,"Low (<1.0%)","Some College"
"Idaho",2009,"West",14.1859936178103,32.7409222594624,0.224322909117681,-2.5,-1.9,-2.96,-1.77,1.55,33.46,86.91,14.16,"Low (<1.0%)","Some College"
"Idaho",2010,"West",14.1859936178103,32.7409222594624,0.224322909117681,2.6,1.2,3.5,2.4,1.45,36.4,88.37,15.08,"Moderate (1.0-3.0%)","Some College"
"Idaho",2011,"West",14.1859936178103,32.7409222594624,0.224322909117681,1.6,1.1,3.7,2.53,3.54,38.72,89.39,15.06,"Moderate (1.0-3.0%)","Bachelor's+"
"Idaho",2012,"West",14.1859936178103,32.7409222594624,0.224322909117681,2.2,1.8,3.23,0.12,4.04,37.14,89.79,15.16,"Low (<1.0%)","Some College"
"Idaho",2013,"West",14.1859936178103,32.7409222594624,0.224322909117681,1.8,1.6,2.28,2.67,1.49,39.92,89.82,15.01,"Moderate (1.0-3.0%)","Bachelor's+"
"Idaho",2014,"West",14.1859936178103,32.7409222594624,0.224322909117681,2.5,2.1,2.05,3.03,3.24,37.23,89.3,15.28,"High (3.0%+)","Some College"
"Idaho",2015,"West",14.1859936178103,32.7409222594624,0.224322909117681,2.7,2.3,3.45,3.43,1.55,40.88,89.48,15.07,"High (3.0%+)","Bachelor's+"
"Idaho",2016,"West",14.1859936178103,32.7409222594624,0.224322909117681,1.7,1.4,0.88,0.31,2.9,38.58,90.79,14.81,"Low (<1.0%)","Bachelor's+"
"Idaho",2017,"West",14.1859936178103,32.7409222594624,0.224322909117681,2.2,1.9,1.78,4.79,1.35,39.97,91.96,15.34,"High (3.0%+)","Bachelor's+"
"Idaho",2018,"West",14.1859936178103,32.7409222594624,0.224322909117681,2.9,2.5,4.54,-0.61,2.91,39.72,92.21,15.26,"Low (<1.0%)","Bachelor's+"
"Idaho",2019,"West",14.1859936178103,32.7409222594624,0.224322909117681,2.3,2,2.96,2.01,1.64,40.01,91.62,15.27,"Moderate (1.0-3.0%)","Bachelor's+"
"Idaho",2020,"West",14.1859936178103,32.7409222594624,0.224322909117681,-2.8,-1.5,-2.44,-1.36,2.11,34.33,90.44,14.48,"Low (<1.0%)","Some College"
"Idaho",2021,"West",14.1859936178103,32.7409222594624,0.224322909117681,5.9,4.2,5.52,4.02,3.48,42.21,92.9,15.87,"High (3.0%+)","Bachelor's+"
"Idaho",2022,"West",14.1859936178103,32.7409222594624,0.224322909117681,2.1,1.8,3.5,2.7,3.65,39.14,91.1,15.62,"Moderate (1.0-3.0%)","Bachelor's+"
"Idaho",2023,"West",14.1859936178103,32.7409222594624,0.224322909117681,2.5,2.2,4.5,2.35,4.09,44.09,93.72,15.81,"Moderate (1.0-3.0%)","Bachelor's+"
"Idaho",2024,"West",14.1859936178103,32.7409222594624,0.224322909117681,2.8,2.4,1.5,1.47,2.44,41.39,92.06,15.34,"Moderate (1.0-3.0%)","Bachelor's+"
"Illinois",2004,"Midwest",13.0833417896663,34.327294909462,0.200582590566133,3.8,2.4,3.88,4.09,3.05,41.48,87.82,14.16,"High (3.0%+)","Bachelor's+"
"Illinois",2005,"Midwest",13.0833417896663,34.327294909462,0.200582590566133,3.5,2.1,3.57,1.75,3.55,38.67,89.08,13.58,"Moderate (1.0-3.0%)","Bachelor's+"
"Illinois",2006,"Midwest",13.0833417896663,34.327294909462,0.200582590566133,2.9,2.8,2.03,3.53,3.32,38.57,87.62,13.89,"High (3.0%+)","Bachelor's+"
"Illinois",2007,"Midwest",13.0833417896663,34.327294909462,0.200582590566133,1.9,1.5,0.4,0.7,2.1,34.42,87.82,13.61,"Low (<1.0%)","Some College"
"Illinois",2008,"Midwest",13.0833417896663,34.327294909462,0.200582590566133,-0.1,-0.8,-0.1,-2.07,2.47,34.04,87.02,13.12,"Low (<1.0%)","Some College"
"Illinois",2009,"Midwest",13.0833417896663,34.327294909462,0.200582590566133,-2.5,-1.9,-1.52,-2.63,2.5,32.85,88.65,13.15,"Low (<1.0%)","Some College"
"Illinois",2010,"Midwest",13.0833417896663,34.327294909462,0.200582590566133,2.6,1.2,4.82,-0.07,4.26,37.72,90.88,13.91,"Low (<1.0%)","Some College"
"Illinois",2011,"Midwest",13.0833417896663,34.327294909462,0.200582590566133,1.6,1.1,-1.26,1.74,3.19,37.94,88.9,13.58,"Moderate (1.0-3.0%)","Some College"
"Illinois",2012,"Midwest",13.0833417896663,34.327294909462,0.200582590566133,2.2,1.8,1.15,-0.06,0.08,35.88,89.18,13.68,"Low (<1.0%)","Some College"
"Illinois",2013,"Midwest",13.0833417896663,34.327294909462,0.200582590566133,1.8,1.6,1.33,0.43,2.81,38.67,89.65,13.69,"Low (<1.0%)","Bachelor's+"
"Illinois",2014,"Midwest",13.0833417896663,34.327294909462,0.200582590566133,2.5,2.1,0.01,2.13,2.19,37.67,89.54,13.71,"Moderate (1.0-3.0%)","Some College"
"Illinois",2015,"Midwest",13.0833417896663,34.327294909462,0.200582590566133,2.7,2.3,1.57,0.24,1.55,40.49,90.18,13.5,"Low (<1.0%)","Bachelor's+"
"Illinois",2016,"Midwest",13.0833417896663,34.327294909462,0.200582590566133,1.7,1.4,0.53,0.79,1.26,41.09,89.61,13.85,"Low (<1.0%)","Bachelor's+"
"Illinois",2017,"Midwest",13.0833417896663,34.327294909462,0.200582590566133,2.2,1.9,1.12,1.53,2.97,41.42,90.07,13.84,"Moderate (1.0-3.0%)","Bachelor's+"
"Illinois",2018,"Midwest",13.0833417896663,34.327294909462,0.200582590566133,2.9,2.5,-0.38,4.12,1.46,40.11,89.87,14.16,"High (3.0%+)","Bachelor's+"
"Illinois",2019,"Midwest",13.0833417896663,34.327294909462,0.200582590566133,2.3,2,2.62,1.69,2.47,41.38,91.77,14.2,"Moderate (1.0-3.0%)","Bachelor's+"
"Illinois",2020,"Midwest",13.0833417896663,34.327294909462,0.200582590566133,-2.8,-1.5,-3.75,-2.13,1.48,33.37,89.53,13.07,"Low (<1.0%)","Some College"
"Illinois",2021,"Midwest",13.0833417896663,34.327294909462,0.200582590566133,5.9,4.2,8.18,3.4,5.83,44.36,92.43,14.95,"High (3.0%+)","Bachelor's+"
"Illinois",2022,"Midwest",13.0833417896663,34.327294909462,0.200582590566133,2.1,1.8,3.29,2.34,5.47,42.59,93.55,14.55,"Moderate (1.0-3.0%)","Bachelor's+"
"Illinois",2023,"Midwest",13.0833417896663,34.327294909462,0.200582590566133,2.5,2.2,0.32,1.82,3.02,42.7,92.19,14.3,"Moderate (1.0-3.0%)","Bachelor's+"
"Illinois",2024,"Midwest",13.0833417896663,34.327294909462,0.200582590566133,2.8,2.4,2.95,1.75,5.29,42.65,92.85,14.42,"Moderate (1.0-3.0%)","Bachelor's+"
"Indiana",2004,"Midwest",13.4163633699548,37.5989473091707,0.199831314772484,3.8,2.4,2.91,2.06,4.4,43.12,87.42,14.19,"Moderate (1.0-3.0%)","Bachelor's+"
"Indiana",2005,"Midwest",13.4163633699548,37.5989473091707,0.199831314772484,3.5,2.1,4.83,3.38,3.85,43.65,88.58,14.43,"High (3.0%+)","Bachelor's+"
"Indiana",2006,"Midwest",13.4163633699548,37.5989473091707,0.199831314772484,2.9,2.8,2.98,4.68,3.2,43.25,89.26,14.59,"High (3.0%+)","Bachelor's+"
"Indiana",2007,"Midwest",13.4163633699548,37.5989473091707,0.199831314772484,1.9,1.5,1.06,0.73,4.64,41.25,88.89,14.11,"Low (<1.0%)","Bachelor's+"
"Indiana",2008,"Midwest",13.4163633699548,37.5989473091707,0.199831314772484,-0.1,-0.8,0.56,-0.78,0.95,38.36,86.96,13.49,"Low (<1.0%)","Bachelor's+"
"Indiana",2009,"Midwest",13.4163633699548,37.5989473091707,0.199831314772484,-2.5,-1.9,-2.27,-2.29,1.4,38.39,89.08,13.34,"Low (<1.0%)","Bachelor's+"
"Indiana",2010,"Midwest",13.4163633699548,37.5989473091707,0.199831314772484,2.6,1.2,2.35,3.43,2.94,41.68,89.89,14.23,"High (3.0%+)","Bachelor's+"
"Indiana",2011,"Midwest",13.4163633699548,37.5989473091707,0.199831314772484,1.6,1.1,4.63,1.81,0.58,42.62,89.62,14.03,"Moderate (1.0-3.0%)","Bachelor's+"
"Indiana",2012,"Midwest",13.4163633699548,37.5989473091707,0.199831314772484,2.2,1.8,1.41,-0.34,2,40.38,89.3,13.68,"Low (<1.0%)","Bachelor's+"
"Indiana",2013,"Midwest",13.4163633699548,37.5989473091707,0.199831314772484,1.8,1.6,1.09,1.08,2.74,41.52,88.94,14.1,"Moderate (1.0-3.0%)","Bachelor's+"
"Indiana",2014,"Midwest",13.4163633699548,37.5989473091707,0.199831314772484,2.5,2.1,0.18,-0.65,-1.34,37.95,89.01,13.55,"Low (<1.0%)","Some College"
"Indiana",2015,"Midwest",13.4163633699548,37.5989473091707,0.199831314772484,2.7,2.3,2.64,2.19,3.23,44.56,90.92,14.45,"Moderate (1.0-3.0%)","Bachelor's+"
"Indiana",2016,"Midwest",13.4163633699548,37.5989473091707,0.199831314772484,1.7,1.4,3.04,2.24,2.57,42.08,90.54,14.55,"Moderate (1.0-3.0%)","Bachelor's+"
"Indiana",2017,"Midwest",13.4163633699548,37.5989473091707,0.199831314772484,2.2,1.9,-0.91,0.83,2.26,42.14,90.23,14.23,"Low (<1.0%)","Bachelor's+"
"Indiana",2018,"Midwest",13.4163633699548,37.5989473091707,0.199831314772484,2.9,2.5,2.52,0.96,3.62,40.97,90.58,14.4,"Low (<1.0%)","Bachelor's+"
"Indiana",2019,"Midwest",13.4163633699548,37.5989473091707,0.199831314772484,2.3,2,0.53,3.51,3.87,46.53,92.04,14.73,"High (3.0%+)","Bachelor's+"
"Indiana",2020,"Midwest",13.4163633699548,37.5989473091707,0.199831314772484,-2.8,-1.5,-0.64,-2.66,-0.21,39.54,90.21,13.89,"Low (<1.0%)","Bachelor's+"
"Indiana",2021,"Midwest",13.4163633699548,37.5989473091707,0.199831314772484,5.9,4.2,7.94,5.29,4.43,49.84,92.17,15.4,"High (3.0%+)","Bachelor's+"
"Indiana",2022,"Midwest",13.4163633699548,37.5989473091707,0.199831314772484,2.1,1.8,2.6,2.06,2.02,41.6,91.73,14.55,"Moderate (1.0-3.0%)","Bachelor's+"
"Indiana",2023,"Midwest",13.4163633699548,37.5989473091707,0.199831314772484,2.5,2.2,4.64,3.26,3.43,46.87,93.38,15.09,"High (3.0%+)","Bachelor's+"
"Indiana",2024,"Midwest",13.4163633699548,37.5989473091707,0.199831314772484,2.8,2.4,1.5,3.6,2.3,44.64,92.92,14.56,"High (3.0%+)","Bachelor's+"
"Iowa",2004,"Midwest",13.4600035990819,29.0908317621021,0.153556036803408,3.8,2.4,5.23,3.77,2.16,36.16,86.81,14.44,"High (3.0%+)","Some College"
"Iowa",2005,"Midwest",13.4600035990819,29.0908317621021,0.153556036803408,3.5,2.1,2.62,3.58,0.62,31.04,87.1,14.19,"High (3.0%+)","Some College"
"Iowa",2006,"Midwest",13.4600035990819,29.0908317621021,0.153556036803408,2.9,2.8,3.38,3.15,5.56,33.25,88.44,14.35,"High (3.0%+)","Some College"
"Iowa",2007,"Midwest",13.4600035990819,29.0908317621021,0.153556036803408,1.9,1.5,1.45,1.71,0.85,31.39,86.99,13.91,"Moderate (1.0-3.0%)","Some College"
"Iowa",2008,"Midwest",13.4600035990819,29.0908317621021,0.153556036803408,-0.1,-0.8,-0.52,-1.95,2.17,29.01,86.66,13.31,"Low (<1.0%)","High School or Less"
"Iowa",2009,"Midwest",13.4600035990819,29.0908317621021,0.153556036803408,-2.5,-1.9,-1.68,-3.35,0.17,26.24,85.93,13.16,"Low (<1.0%)","High School or Less"
"Iowa",2010,"Midwest",13.4600035990819,29.0908317621021,0.153556036803408,2.6,1.2,0.64,0.48,4,31.99,88.82,13.95,"Low (<1.0%)","Some College"
"Iowa",2011,"Midwest",13.4600035990819,29.0908317621021,0.153556036803408,1.6,1.1,1.22,0.94,0.25,31.11,87.43,14.15,"Low (<1.0%)","Some College"
"Iowa",2012,"Midwest",13.4600035990819,29.0908317621021,0.153556036803408,2.2,1.8,2.46,0.62,1.67,31.87,88.56,13.91,"Low (<1.0%)","Some College"
"Iowa",2013,"Midwest",13.4600035990819,29.0908317621021,0.153556036803408,1.8,1.6,1.19,2.6,0.89,32.24,89.62,14.08,"Moderate (1.0-3.0%)","Some College"
"Iowa",2014,"Midwest",13.4600035990819,29.0908317621021,0.153556036803408,2.5,2.1,2.66,1.15,2.86,33.53,89.62,14.33,"Moderate (1.0-3.0%)","Some College"
"Iowa",2015,"Midwest",13.4600035990819,29.0908317621021,0.153556036803408,2.7,2.3,2.22,2.71,2.08,35.54,90.3,14.45,"Moderate (1.0-3.0%)","Some College"
"Iowa",2016,"Midwest",13.4600035990819,29.0908317621021,0.153556036803408,1.7,1.4,4.13,2.44,6.1,39.05,92.43,14.75,"Moderate (1.0-3.0%)","Bachelor's+"
"Iowa",2017,"Midwest",13.4600035990819,29.0908317621021,0.153556036803408,2.2,1.9,3.27,0.48,2.98,35.29,91.22,14.41,"Low (<1.0%)","Some College"
"Iowa",2018,"Midwest",13.4600035990819,29.0908317621021,0.153556036803408,2.9,2.5,7.35,3.73,5.8,39.35,92.98,15.26,"High (3.0%+)","Bachelor's+"
"Iowa",2019,"Midwest",13.4600035990819,29.0908317621021,0.153556036803408,2.3,2,1.11,-0.53,3.32,31.44,90.66,14.23,"Low (<1.0%)","Some College"
"Iowa",2020,"Midwest",13.4600035990819,29.0908317621021,0.153556036803408,-2.8,-1.5,-1.58,-1.22,2.35,32.07,89.94,14.14,"Low (<1.0%)","Some College"
"Iowa",2021,"Midwest",13.4600035990819,29.0908317621021,0.153556036803408,5.9,4.2,9.05,6.01,5.33,43.57,93.4,15.69,"High (3.0%+)","Bachelor's+"
"Iowa",2022,"Midwest",13.4600035990819,29.0908317621021,0.153556036803408,2.1,1.8,2.55,2.47,3.09,35.62,92.58,14.96,"Moderate (1.0-3.0%)","Some College"
"Iowa",2023,"Midwest",13.4600035990819,29.0908317621021,0.153556036803408,2.5,2.2,0.88,3.3,1.41,34.89,90.33,14.64,"High (3.0%+)","Some College"
"Iowa",2024,"Midwest",13.4600035990819,29.0908317621021,0.153556036803408,2.8,2.4,1.29,1.74,1.98,36.16,92.65,14.49,"Moderate (1.0-3.0%)","Some College"
"Kansas",2004,"Midwest",13.690785119421,37.2101705281766,0.204706650925047,3.8,2.4,3.75,2.76,3.69,42.39,86.73,14.43,"Moderate (1.0-3.0%)","Bachelor's+"
"Kansas",2005,"Midwest",13.690785119421,37.2101705281766,0.204706650925047,3.5,2.1,5.46,3.43,0.67,45.09,87.92,14.56,"High (3.0%+)","Bachelor's+"
"Kansas",2006,"Midwest",13.690785119421,37.2101705281766,0.204706650925047,2.9,2.8,4.03,1.21,0.98,40.55,88.78,14.37,"Moderate (1.0-3.0%)","Bachelor's+"
"Kansas",2007,"Midwest",13.690785119421,37.2101705281766,0.204706650925047,1.9,1.5,-1.31,2.7,1.1,37.49,87.14,14.28,"Moderate (1.0-3.0%)","Some College"
"Kansas",2008,"Midwest",13.690785119421,37.2101705281766,0.204706650925047,-0.1,-0.8,-1.15,-2.49,-0.58,36.93,86.5,13.27,"Low (<1.0%)","Some College"
"Kansas",2009,"Midwest",13.690785119421,37.2101705281766,0.204706650925047,-2.5,-1.9,-2.51,-2.5,1.38,36.47,87.3,13.52,"Low (<1.0%)","Some College"
"Kansas",2010,"Midwest",13.690785119421,37.2101705281766,0.204706650925047,2.6,1.2,0.41,4.35,2.69,42.21,87,14.68,"High (3.0%+)","Bachelor's+"
"Kansas",2011,"Midwest",13.690785119421,37.2101705281766,0.204706650925047,1.6,1.1,2.64,1.71,3.85,40.98,88.95,14.4,"Moderate (1.0-3.0%)","Bachelor's+"
"Kansas",2012,"Midwest",13.690785119421,37.2101705281766,0.204706650925047,2.2,1.8,-1.49,1.69,2.89,41.48,88.23,14.19,"Moderate (1.0-3.0%)","Bachelor's+"
"Kansas",2013,"Midwest",13.690785119421,37.2101705281766,0.204706650925047,1.8,1.6,2.01,2.77,3.28,43.78,87.53,14.48,"Moderate (1.0-3.0%)","Bachelor's+"
"Kansas",2014,"Midwest",13.690785119421,37.2101705281766,0.204706650925047,2.5,2.1,1.91,1.81,3.23,42.91,91.34,14.47,"Moderate (1.0-3.0%)","Bachelor's+"
"Kansas",2015,"Midwest",13.690785119421,37.2101705281766,0.204706650925047,2.7,2.3,1.96,3.05,2.88,45.34,90.41,14.62,"High (3.0%+)","Bachelor's+"
"Kansas",2016,"Midwest",13.690785119421,37.2101705281766,0.204706650925047,1.7,1.4,1.27,0.99,2.42,40.57,91,14.38,"Low (<1.0%)","Bachelor's+"
"Kansas",2017,"Midwest",13.690785119421,37.2101705281766,0.204706650925047,2.2,1.9,2.67,-0.93,1.83,41.45,90.66,14.46,"Low (<1.0%)","Bachelor's+"
"Kansas",2018,"Midwest",13.690785119421,37.2101705281766,0.204706650925047,2.9,2.5,3.49,3.07,5.72,45.63,92.32,14.83,"High (3.0%+)","Bachelor's+"
"Kansas",2019,"Midwest",13.690785119421,37.2101705281766,0.204706650925047,2.3,2,1.96,1.39,1.64,43.34,92.54,14.64,"Moderate (1.0-3.0%)","Bachelor's+"
"Kansas",2020,"Midwest",13.690785119421,37.2101705281766,0.204706650925047,-2.8,-1.5,-5.69,-2.19,2.33,37.96,89.55,14.06,"Low (<1.0%)","Some College"
"Kansas",2021,"Midwest",13.690785119421,37.2101705281766,0.204706650925047,5.9,4.2,3.74,4.2,4.25,46.66,92.79,15.08,"High (3.0%+)","Bachelor's+"
"Kansas",2022,"Midwest",13.690785119421,37.2101705281766,0.204706650925047,2.1,1.8,-0.1,3.41,4.41,43.03,92.33,15.03,"High (3.0%+)","Bachelor's+"
"Kansas",2023,"Midwest",13.690785119421,37.2101705281766,0.204706650925047,2.5,2.2,3.64,2.55,3.97,46.04,93.33,15.01,"Moderate (1.0-3.0%)","Bachelor's+"
"Kansas",2024,"Midwest",13.690785119421,37.2101705281766,0.204706650925047,2.8,2.4,2.43,3.41,2.23,47.28,93.17,15.06,"High (3.0%+)","Bachelor's+"
"Kentucky",2004,"South",13.4147241235752,33.3433924790083,0.199493989684888,3.8,2.4,4.2,3.15,2.89,36.08,87.44,14.17,"High (3.0%+)","Some College"
"Kentucky",2005,"South",13.4147241235752,33.3433924790083,0.199493989684888,3.5,2.1,1.16,2.22,0.72,35.15,86.46,13.9,"Moderate (1.0-3.0%)","Some College"
"Kentucky",2006,"South",13.4147241235752,33.3433924790083,0.199493989684888,2.9,2.8,2.1,3.61,3.88,39.19,86.94,14.22,"High (3.0%+)","Bachelor's+"
"Kentucky",2007,"South",13.4147241235752,33.3433924790083,0.199493989684888,1.9,1.5,2.74,1.33,2.88,35.88,87.83,13.91,"Moderate (1.0-3.0%)","Some College"
"Kentucky",2008,"South",13.4147241235752,33.3433924790083,0.199493989684888,-0.1,-0.8,-0.37,-2.3,1.82,31.98,87.06,13.52,"Low (<1.0%)","Some College"
"Kentucky",2009,"South",13.4147241235752,33.3433924790083,0.199493989684888,-2.5,-1.9,-2.67,-1.48,1.29,31.48,86.53,13.18,"Low (<1.0%)","Some College"
"Kentucky",2010,"South",13.4147241235752,33.3433924790083,0.199493989684888,2.6,1.2,2.49,-1.53,1.99,34.52,89.11,13.87,"Low (<1.0%)","Some College"
"Kentucky",2011,"South",13.4147241235752,33.3433924790083,0.199493989684888,1.6,1.1,3.42,-0.08,2.52,37.67,89.55,13.93,"Low (<1.0%)","Some College"
"Kentucky",2012,"South",13.4147241235752,33.3433924790083,0.199493989684888,2.2,1.8,1.28,1.73,3.32,40.37,88.36,14.03,"Moderate (1.0-3.0%)","Bachelor's+"
"Kentucky",2013,"South",13.4147241235752,33.3433924790083,0.199493989684888,1.8,1.6,2.81,1.41,4.42,39.75,89.77,14.35,"Moderate (1.0-3.0%)","Bachelor's+"
"Kentucky",2014,"South",13.4147241235752,33.3433924790083,0.199493989684888,2.5,2.1,3.85,1.6,3.22,38.43,90.61,14.15,"Moderate (1.0-3.0%)","Bachelor's+"
"Kentucky",2015,"South",13.4147241235752,33.3433924790083,0.199493989684888,2.7,2.3,0.92,3.49,2.57,38.58,90.1,14.3,"High (3.0%+)","Bachelor's+"
"Kentucky",2016,"South",13.4147241235752,33.3433924790083,0.199493989684888,1.7,1.4,1.88,0.12,2.84,36.49,90.49,14.09,"Low (<1.0%)","Some College"
"Kentucky",2017,"South",13.4147241235752,33.3433924790083,0.199493989684888,2.2,1.9,2.18,-1.24,2.88,36.4,90.28,13.98,"Low (<1.0%)","Some College"
"Kentucky",2018,"South",13.4147241235752,33.3433924790083,0.199493989684888,2.9,2.5,4.44,3.44,3.04,40.76,92.98,14.78,"High (3.0%+)","Bachelor's+"
"Kentucky",2019,"South",13.4147241235752,33.3433924790083,0.199493989684888,2.3,2,3.67,2.05,3.79,42.53,92.24,14.67,"Moderate (1.0-3.0%)","Bachelor's+"
"Kentucky",2020,"South",13.4147241235752,33.3433924790083,0.199493989684888,-2.8,-1.5,-2.8,-1.63,2.01,35.79,89.69,13.89,"Low (<1.0%)","Some College"
"Kentucky",2021,"South",13.4147241235752,33.3433924790083,0.199493989684888,5.9,4.2,6.1,3.73,4.08,41.48,94.1,15.28,"High (3.0%+)","Bachelor's+"
"Kentucky",2022,"South",13.4147241235752,33.3433924790083,0.199493989684888,2.1,1.8,1.02,-0.22,2.97,39.43,91.56,14.32,"Low (<1.0%)","Bachelor's+"
"Kentucky",2023,"South",13.4147241235752,33.3433924790083,0.199493989684888,2.5,2.2,2.2,1.06,1.98,41.14,93.62,14.77,"Moderate (1.0-3.0%)","Bachelor's+"
"Kentucky",2024,"South",13.4147241235752,33.3433924790083,0.199493989684888,2.8,2.4,1.26,3.01,2.61,40.62,92.46,14.51,"High (3.0%+)","Bachelor's+"
"Louisiana",2004,"South",12.7030633737286,36.1540243947905,0.328075640013792,3.8,2.4,2.35,2.42,3.45,41.8,86.43,13.07,"Moderate (1.0-3.0%)","Bachelor's+"
"Louisiana",2005,"South",12.7030633737286,36.1540243947905,0.328075640013792,3.5,2.1,1.67,0.4,2.37,38.85,87.53,12.9,"Low (<1.0%)","Bachelor's+"
"Louisiana",2006,"South",12.7030633737286,36.1540243947905,0.328075640013792,2.9,2.8,4.15,3.52,3.1,42.98,89.21,13.53,"High (3.0%+)","Bachelor's+"
"Louisiana",2007,"South",12.7030633737286,36.1540243947905,0.328075640013792,1.9,1.5,3.57,2.44,2.51,40.95,87.59,13.41,"Moderate (1.0-3.0%)","Bachelor's+"
"Louisiana",2008,"South",12.7030633737286,36.1540243947905,0.328075640013792,-0.1,-0.8,-0.72,-0.96,2.47,39.23,86.6,13.06,"Low (<1.0%)","Bachelor's+"
"Louisiana",2009,"South",12.7030633737286,36.1540243947905,0.328075640013792,-2.5,-1.9,-4.19,-1.92,1.05,35.15,86.79,12.45,"Low (<1.0%)","Some College"
"Louisiana",2010,"South",12.7030633737286,36.1540243947905,0.328075640013792,2.6,1.2,2.47,2.89,5.95,43.17,88.02,13.83,"Moderate (1.0-3.0%)","Bachelor's+"
"Louisiana",2011,"South",12.7030633737286,36.1540243947905,0.328075640013792,1.6,1.1,4.96,1.57,3.33,43.6,89.6,13.66,"Moderate (1.0-3.0%)","Bachelor's+"
"Louisiana",2012,"South",12.7030633737286,36.1540243947905,0.328075640013792,2.2,1.8,5.26,3.26,3.71,44.62,89.84,13.98,"High (3.0%+)","Bachelor's+"
"Louisiana",2013,"South",12.7030633737286,36.1540243947905,0.328075640013792,1.8,1.6,-0.78,1.55,0.55,39.68,88.96,13.33,"Moderate (1.0-3.0%)","Bachelor's+"
"Louisiana",2014,"South",12.7030633737286,36.1540243947905,0.328075640013792,2.5,2.1,1.96,3.88,3.65,45.17,88.55,13.58,"High (3.0%+)","Bachelor's+"
"Louisiana",2015,"South",12.7030633737286,36.1540243947905,0.328075640013792,2.7,2.3,5,2.21,3.13,44.46,89.74,13.93,"Moderate (1.0-3.0%)","Bachelor's+"
"Louisiana",2016,"South",12.7030633737286,36.1540243947905,0.328075640013792,1.7,1.4,1.64,2.5,2.65,43.01,90.09,13.62,"Moderate (1.0-3.0%)","Bachelor's+"
"Louisiana",2017,"South",12.7030633737286,36.1540243947905,0.328075640013792,2.2,1.9,4.6,1.49,4.51,44.61,90.98,13.86,"Moderate (1.0-3.0%)","Bachelor's+"
"Louisiana",2018,"South",12.7030633737286,36.1540243947905,0.328075640013792,2.9,2.5,2.4,1.21,4.55,42.77,91.73,13.66,"Moderate (1.0-3.0%)","Bachelor's+"
"Louisiana",2019,"South",12.7030633737286,36.1540243947905,0.328075640013792,2.3,2,3.21,3.2,2.67,47.6,91.32,13.92,"High (3.0%+)","Bachelor's+"
"Louisiana",2020,"South",12.7030633737286,36.1540243947905,0.328075640013792,-2.8,-1.5,-2.46,1.26,0.83,40.66,89.57,13.19,"Moderate (1.0-3.0%)","Bachelor's+"
"Louisiana",2021,"South",12.7030633737286,36.1540243947905,0.328075640013792,5.9,4.2,10.74,3.81,5.47,50.77,95.7,14.64,"High (3.0%+)","Bachelor's+"
"Louisiana",2022,"South",12.7030633737286,36.1540243947905,0.328075640013792,2.1,1.8,3.48,3.56,4.5,47.84,91.15,14.24,"High (3.0%+)","Bachelor's+"
"Louisiana",2023,"South",12.7030633737286,36.1540243947905,0.328075640013792,2.5,2.2,0.69,1.92,2.35,44.11,93.88,13.79,"Moderate (1.0-3.0%)","Bachelor's+"
"Louisiana",2024,"South",12.7030633737286,36.1540243947905,0.328075640013792,2.8,2.4,1.89,3.51,2.8,44.55,92.82,14.2,"High (3.0%+)","Bachelor's+"
"Maine",2004,"Northeast",12.7678599214273,35.6829142731626,0.165515350752411,3.8,2.4,4.36,1.21,4.25,40.67,87.36,13.13,"Moderate (1.0-3.0%)","Bachelor's+"
"Maine",2005,"Northeast",12.7678599214273,35.6829142731626,0.165515350752411,3.5,2.1,0.65,2.43,3.08,39.58,86.17,13.35,"Moderate (1.0-3.0%)","Bachelor's+"
"Maine",2006,"Northeast",12.7678599214273,35.6829142731626,0.165515350752411,2.9,2.8,0.19,1.88,3.36,38.37,86.43,13.28,"Moderate (1.0-3.0%)","Bachelor's+"
"Maine",2007,"Northeast",12.7678599214273,35.6829142731626,0.165515350752411,1.9,1.5,0.22,-0.12,-0.28,35.44,87.41,12.72,"Low (<1.0%)","Some College"
"Maine",2008,"Northeast",12.7678599214273,35.6829142731626,0.165515350752411,-0.1,-0.8,-0.62,-0.01,0.4,35.26,87.86,12.85,"Low (<1.0%)","Some College"
"Maine",2009,"Northeast",12.7678599214273,35.6829142731626,0.165515350752411,-2.5,-1.9,-0.64,0.03,0.39,38.74,86.76,12.91,"Low (<1.0%)","Bachelor's+"
"Maine",2010,"Northeast",12.7678599214273,35.6829142731626,0.165515350752411,2.6,1.2,2.19,0.25,3.11,38.71,89.74,13.34,"Low (<1.0%)","Bachelor's+"
"Maine",2011,"Northeast",12.7678599214273,35.6829142731626,0.165515350752411,1.6,1.1,1.84,0.04,0.92,38.02,88.78,13.09,"Low (<1.0%)","Bachelor's+"
"Maine",2012,"Northeast",12.7678599214273,35.6829142731626,0.165515350752411,2.2,1.8,2.1,0.51,2.36,39.36,88.74,13.26,"Low (<1.0%)","Bachelor's+"
"Maine",2013,"Northeast",12.7678599214273,35.6829142731626,0.165515350752411,1.8,1.6,0.74,1.05,2.73,39,90.32,13.64,"Moderate (1.0-3.0%)","Bachelor's+"
"Maine",2014,"Northeast",12.7678599214273,35.6829142731626,0.165515350752411,2.5,2.1,4.54,2.9,5.69,46.41,91.68,13.94,"Moderate (1.0-3.0%)","Bachelor's+"
"Maine",2015,"Northeast",12.7678599214273,35.6829142731626,0.165515350752411,2.7,2.3,1.06,3.15,2.03,40.83,88.76,13.59,"High (3.0%+)","Bachelor's+"
"Maine",2016,"Northeast",12.7678599214273,35.6829142731626,0.165515350752411,1.7,1.4,1.36,1.93,2.38,39.18,90.85,13.66,"Moderate (1.0-3.0%)","Bachelor's+"
"Maine",2017,"Northeast",12.7678599214273,35.6829142731626,0.165515350752411,2.2,1.9,1.68,2.81,2.79,41.91,91.69,13.94,"Moderate (1.0-3.0%)","Bachelor's+"
"Maine",2018,"Northeast",12.7678599214273,35.6829142731626,0.165515350752411,2.9,2.5,3.7,1.94,2.4,43.2,91.15,13.77,"Moderate (1.0-3.0%)","Bachelor's+"
"Maine",2019,"Northeast",12.7678599214273,35.6829142731626,0.165515350752411,2.3,2,4.71,1.79,-0.43,40.05,90.82,13.85,"Moderate (1.0-3.0%)","Bachelor's+"
"Maine",2020,"Northeast",12.7678599214273,35.6829142731626,0.165515350752411,-2.8,-1.5,-2.03,-0.68,3.2,40.26,91.25,13.53,"Low (<1.0%)","Bachelor's+"
"Maine",2021,"Northeast",12.7678599214273,35.6829142731626,0.165515350752411,5.9,4.2,7.97,3.86,3.98,46.51,94.79,14.57,"High (3.0%+)","Bachelor's+"
"Maine",2022,"Northeast",12.7678599214273,35.6829142731626,0.165515350752411,2.1,1.8,3.24,0.65,2.11,41.17,91.91,13.85,"Low (<1.0%)","Bachelor's+"
"Maine",2023,"Northeast",12.7678599214273,35.6829142731626,0.165515350752411,2.5,2.2,1.56,0.55,2.81,42.05,92.62,13.88,"Low (<1.0%)","Bachelor's+"
"Maine",2024,"Northeast",12.7678599214273,35.6829142731626,0.165515350752411,2.8,2.4,2.92,5.64,2.14,43.15,94.21,14.42,"High (3.0%+)","Bachelor's+"
"Maryland",2004,"South",13.8960340037191,34.8835126514674,0.225490248742344,3.8,2.4,5.86,0.36,4.86,41.48,88.24,14.46,"Low (<1.0%)","Bachelor's+"
"Maryland",2005,"South",13.8960340037191,34.8835126514674,0.225490248742344,3.5,2.1,1.16,2.14,1.8,37.03,86.64,14.35,"Moderate (1.0-3.0%)","Some College"
"Maryland",2006,"South",13.8960340037191,34.8835126514674,0.225490248742344,2.9,2.8,3.39,5.12,4.04,40.74,87.68,14.8,"High (3.0%+)","Bachelor's+"
"Maryland",2007,"South",13.8960340037191,34.8835126514674,0.225490248742344,1.9,1.5,1.66,2.51,2.22,38.19,86.83,14.72,"Moderate (1.0-3.0%)","Bachelor's+"
"Maryland",2008,"South",13.8960340037191,34.8835126514674,0.225490248742344,-0.1,-0.8,1.22,-1.02,1.19,36.18,86.58,14,"Low (<1.0%)","Some College"
"Maryland",2009,"South",13.8960340037191,34.8835126514674,0.225490248742344,-2.5,-1.9,-1.37,-1.26,2.47,34.43,88.03,14.22,"Low (<1.0%)","Some College"
"Maryland",2010,"South",13.8960340037191,34.8835126514674,0.225490248742344,2.6,1.2,3.05,3.34,5.84,39.12,89.38,15.02,"High (3.0%+)","Bachelor's+"
"Maryland",2011,"South",13.8960340037191,34.8835126514674,0.225490248742344,1.6,1.1,3.84,1.33,1.96,40.01,88.18,14.73,"Moderate (1.0-3.0%)","Bachelor's+"
"Maryland",2012,"South",13.8960340037191,34.8835126514674,0.225490248742344,2.2,1.8,-0.09,1.12,1.44,38.98,88.92,14.4,"Moderate (1.0-3.0%)","Bachelor's+"
"Maryland",2013,"South",13.8960340037191,34.8835126514674,0.225490248742344,1.8,1.6,3.17,3.34,1.55,40.88,89.14,14.7,"High (3.0%+)","Bachelor's+"
"Maryland",2014,"South",13.8960340037191,34.8835126514674,0.225490248742344,2.5,2.1,0.13,4.34,3.95,42.08,88.25,14.93,"High (3.0%+)","Bachelor's+"
"Maryland",2015,"South",13.8960340037191,34.8835126514674,0.225490248742344,2.7,2.3,3.58,1.12,3.23,41.91,90.09,14.83,"Moderate (1.0-3.0%)","Bachelor's+"
"Maryland",2016,"South",13.8960340037191,34.8835126514674,0.225490248742344,1.7,1.4,1.83,2.26,-0.24,38.63,88.91,14.98,"Moderate (1.0-3.0%)","Bachelor's+"
"Maryland",2017,"South",13.8960340037191,34.8835126514674,0.225490248742344,2.2,1.9,3.65,2.06,0.46,43.03,90.58,14.92,"Moderate (1.0-3.0%)","Bachelor's+"
"Maryland",2018,"South",13.8960340037191,34.8835126514674,0.225490248742344,2.9,2.5,3.02,3.34,4.03,42.2,92.08,15.18,"High (3.0%+)","Bachelor's+"
"Maryland",2019,"South",13.8960340037191,34.8835126514674,0.225490248742344,2.3,2,-0.05,2.63,2.34,40.95,91.45,14.88,"Moderate (1.0-3.0%)","Bachelor's+"
"Maryland",2020,"South",13.8960340037191,34.8835126514674,0.225490248742344,-2.8,-1.5,-5.81,-1.52,-2.13,36.22,88.99,14.15,"Low (<1.0%)","Some College"
"Maryland",2021,"South",13.8960340037191,34.8835126514674,0.225490248742344,5.9,4.2,6.71,4.73,2.57,46.12,92.33,15.41,"High (3.0%+)","Bachelor's+"
"Maryland",2022,"South",13.8960340037191,34.8835126514674,0.225490248742344,2.1,1.8,1.99,0.35,3.08,41.26,92.54,14.94,"Low (<1.0%)","Bachelor's+"
"Maryland",2023,"South",13.8960340037191,34.8835126514674,0.225490248742344,2.5,2.2,1.64,0.51,2.55,39.89,91.38,14.97,"Low (<1.0%)","Bachelor's+"
"Maryland",2024,"South",13.8960340037191,34.8835126514674,0.225490248742344,2.8,2.4,2.33,3.26,0.46,41.36,92.84,15.22,"High (3.0%+)","Bachelor's+"
"Massachusetts",2004,"Northeast",13.4080084217765,27.8275242457286,0.160254997307348,3.8,2.4,2.79,2.5,3.74,31.55,87.31,14.2,"Moderate (1.0-3.0%)","Some College"
"Massachusetts",2005,"Northeast",13.4080084217765,27.8275242457286,0.160254997307348,3.5,2.1,3.26,1.94,2.47,31.18,87.26,13.89,"Moderate (1.0-3.0%)","Some College"
"Massachusetts",2006,"Northeast",13.4080084217765,27.8275242457286,0.160254997307348,2.9,2.8,1.5,0.79,3.94,32.91,88.21,13.63,"Low (<1.0%)","Some College"
"Massachusetts",2007,"Northeast",13.4080084217765,27.8275242457286,0.160254997307348,1.9,1.5,-1.07,0.82,2.22,28.57,87.3,13.6,"Low (<1.0%)","High School or Less"
"Massachusetts",2008,"Northeast",13.4080084217765,27.8275242457286,0.160254997307348,-0.1,-0.8,-0.43,-0.57,3.29,27.85,86.13,13.57,"Low (<1.0%)","High School or Less"
"Massachusetts",2009,"Northeast",13.4080084217765,27.8275242457286,0.160254997307348,-2.5,-1.9,-0.93,-2.48,-0.64,27.19,85.45,13.05,"Low (<1.0%)","High School or Less"
"Massachusetts",2010,"Northeast",13.4080084217765,27.8275242457286,0.160254997307348,2.6,1.2,5.42,1.3,4.52,34.07,91.59,14.4,"Moderate (1.0-3.0%)","Some College"
"Massachusetts",2011,"Northeast",13.4080084217765,27.8275242457286,0.160254997307348,1.6,1.1,1.6,1.56,3.74,32.32,89.26,14.16,"Moderate (1.0-3.0%)","Some College"
"Massachusetts",2012,"Northeast",13.4080084217765,27.8275242457286,0.160254997307348,2.2,1.8,2.08,1.63,3.25,34.2,90.49,14.08,"Moderate (1.0-3.0%)","Some College"
"Massachusetts",2013,"Northeast",13.4080084217765,27.8275242457286,0.160254997307348,1.8,1.6,3.24,2.11,1.63,33.98,90.8,14.53,"Moderate (1.0-3.0%)","Some College"
"Massachusetts",2014,"Northeast",13.4080084217765,27.8275242457286,0.160254997307348,2.5,2.1,2.58,1.81,2.72,34.26,89.93,14.47,"Moderate (1.0-3.0%)","Some College"
"Massachusetts",2015,"Northeast",13.4080084217765,27.8275242457286,0.160254997307348,2.7,2.3,2.05,1.92,0.31,31.59,88.61,14.11,"Moderate (1.0-3.0%)","Some College"
"Massachusetts",2016,"Northeast",13.4080084217765,27.8275242457286,0.160254997307348,1.7,1.4,-0.91,1.1,1.04,30.27,88.2,14.15,"Moderate (1.0-3.0%)","Some College"
"Massachusetts",2017,"Northeast",13.4080084217765,27.8275242457286,0.160254997307348,2.2,1.9,0.3,2.67,1.19,32.16,88.03,14.13,"Moderate (1.0-3.0%)","Some College"
"Massachusetts",2018,"Northeast",13.4080084217765,27.8275242457286,0.160254997307348,2.9,2.5,3.51,3.49,3.47,34.32,92.75,14.74,"High (3.0%+)","Some College"
"Massachusetts",2019,"Northeast",13.4080084217765,27.8275242457286,0.160254997307348,2.3,2,0.11,4.8,4.63,33.83,91.09,15,"High (3.0%+)","Some College"
"Massachusetts",2020,"Northeast",13.4080084217765,27.8275242457286,0.160254997307348,-2.8,-1.5,-1.23,-2.68,2.03,29.38,91.28,13.94,"Low (<1.0%)","High School or Less"
"Massachusetts",2021,"Northeast",13.4080084217765,27.8275242457286,0.160254997307348,5.9,4.2,3.88,3.35,2.66,35.32,92.1,14.76,"High (3.0%+)","Some College"
"Massachusetts",2022,"Northeast",13.4080084217765,27.8275242457286,0.160254997307348,2.1,1.8,1.81,2.57,3.65,34.66,93.23,14.43,"Moderate (1.0-3.0%)","Some College"
"Massachusetts",2023,"Northeast",13.4080084217765,27.8275242457286,0.160254997307348,2.5,2.2,2.5,4.17,3.67,37.6,92.92,15.02,"High (3.0%+)","Some College"
"Massachusetts",2024,"Northeast",13.4080084217765,27.8275242457286,0.160254997307348,2.8,2.4,2.78,3.87,3.13,35.22,93.17,14.83,"High (3.0%+)","Some College"
"Michigan",2004,"Midwest",12.965607469806,31.6392544535572,0.161182570342528,3.8,2.4,4.03,1.84,2.42,37.97,87.27,13.74,"Moderate (1.0-3.0%)","Some College"
"Michigan",2005,"Midwest",12.965607469806,31.6392544535572,0.161182570342528,3.5,2.1,4.4,1.29,4.02,35.7,88.11,13.79,"Moderate (1.0-3.0%)","Some College"
"Michigan",2006,"Midwest",12.965607469806,31.6392544535572,0.161182570342528,2.9,2.8,2.71,4.84,3.64,38.72,88.71,13.92,"High (3.0%+)","Bachelor's+"
"Michigan",2007,"Midwest",12.965607469806,31.6392544535572,0.161182570342528,1.9,1.5,1.53,3.35,2.81,34.75,85.62,13.83,"High (3.0%+)","Some College"
"Michigan",2008,"Midwest",12.965607469806,31.6392544535572,0.161182570342528,-0.1,-0.8,0.14,-0.54,4.35,34.06,87.34,13.14,"Low (<1.0%)","Some College"
"Michigan",2009,"Midwest",12.965607469806,31.6392544535572,0.161182570342528,-2.5,-1.9,-3.15,0.14,3.82,31.73,86.49,13.45,"Low (<1.0%)","Some College"
"Michigan",2010,"Midwest",12.965607469806,31.6392544535572,0.161182570342528,2.6,1.2,4.91,1.19,2.29,35.62,89.05,13.96,"Moderate (1.0-3.0%)","Some College"
"Michigan",2011,"Midwest",12.965607469806,31.6392544535572,0.161182570342528,1.6,1.1,-1.66,0.12,1.98,31.38,87.14,13.41,"Low (<1.0%)","Some College"
"Michigan",2012,"Midwest",12.965607469806,31.6392544535572,0.161182570342528,2.2,1.8,3.74,1.74,1.64,36.38,90.05,13.84,"Moderate (1.0-3.0%)","Some College"
"Michigan",2013,"Midwest",12.965607469806,31.6392544535572,0.161182570342528,1.8,1.6,1.43,1.7,1.78,36.46,90.25,13.58,"Moderate (1.0-3.0%)","Some College"
"Michigan",2014,"Midwest",12.965607469806,31.6392544535572,0.161182570342528,2.5,2.1,3.13,0.23,2.42,35.57,90.81,13.67,"Low (<1.0%)","Some College"
"Michigan",2015,"Midwest",12.965607469806,31.6392544535572,0.161182570342528,2.7,2.3,4.18,2.09,3.08,37.57,91.61,14,"Moderate (1.0-3.0%)","Some College"
"Michigan",2016,"Midwest",12.965607469806,31.6392544535572,0.161182570342528,1.7,1.4,2.95,0.9,4.99,36.97,91.78,14.16,"Low (<1.0%)","Some College"
"Michigan",2017,"Midwest",12.965607469806,31.6392544535572,0.161182570342528,2.2,1.9,1.21,2.49,1.37,37.27,90.91,13.65,"Moderate (1.0-3.0%)","Some College"
"Michigan",2018,"Midwest",12.965607469806,31.6392544535572,0.161182570342528,2.9,2.5,5.25,1.86,4.19,40.4,91.28,14.23,"Moderate (1.0-3.0%)","Bachelor's+"
"Michigan",2019,"Midwest",12.965607469806,31.6392544535572,0.161182570342528,2.3,2,-0.13,2.58,2.91,34.21,89.32,14.03,"Moderate (1.0-3.0%)","Some College"
"Michigan",2020,"Midwest",12.965607469806,31.6392544535572,0.161182570342528,-2.8,-1.5,-1.5,-0.86,1.84,33.12,92.19,13.32,"Low (<1.0%)","Some College"
"Michigan",2021,"Midwest",12.965607469806,31.6392544535572,0.161182570342528,5.9,4.2,5.13,3.86,4.21,41.94,92.4,14.51,"High (3.0%+)","Bachelor's+"
"Michigan",2022,"Midwest",12.965607469806,31.6392544535572,0.161182570342528,2.1,1.8,-0.78,1.75,0.99,37.58,92.39,14.05,"Moderate (1.0-3.0%)","Some College"
"Michigan",2023,"Midwest",12.965607469806,31.6392544535572,0.161182570342528,2.5,2.2,-0.3,5.06,1.36,39.09,90.22,14.28,"High (3.0%+)","Bachelor's+"
"Michigan",2024,"Midwest",12.965607469806,31.6392544535572,0.161182570342528,2.8,2.4,3.17,4.26,2.13,39.75,92.69,14.63,"High (3.0%+)","Bachelor's+"
"Minnesota",2004,"Midwest",13.4484247932721,34.4940726479982,0.22498809544788,3.8,2.4,7.14,4.27,1.51,41.82,87.98,14.39,"High (3.0%+)","Bachelor's+"
"Minnesota",2005,"Midwest",13.4484247932721,34.4940726479982,0.22498809544788,3.5,2.1,3.91,2.17,3.92,39.72,88.18,14.27,"Moderate (1.0-3.0%)","Bachelor's+"
"Minnesota",2006,"Midwest",13.4484247932721,34.4940726479982,0.22498809544788,2.9,2.8,4.6,1.79,2.88,39.96,87.52,14.22,"Moderate (1.0-3.0%)","Bachelor's+"
"Minnesota",2007,"Midwest",13.4484247932721,34.4940726479982,0.22498809544788,1.9,1.5,3.16,2.19,2.74,39.66,87.92,14.26,"Moderate (1.0-3.0%)","Bachelor's+"
"Minnesota",2008,"Midwest",13.4484247932721,34.4940726479982,0.22498809544788,-0.1,-0.8,-1.08,-0.72,2.47,37.23,87.99,13.61,"Low (<1.0%)","Some College"
"Minnesota",2009,"Midwest",13.4484247932721,34.4940726479982,0.22498809544788,-2.5,-1.9,-1.07,2.4,1.74,37.82,87.43,13.78,"Moderate (1.0-3.0%)","Some College"
"Minnesota",2010,"Midwest",13.4484247932721,34.4940726479982,0.22498809544788,2.6,1.2,3.13,-1.12,2.81,37.17,88.57,13.78,"Low (<1.0%)","Some College"
"Minnesota",2011,"Midwest",13.4484247932721,34.4940726479982,0.22498809544788,1.6,1.1,1.91,0.86,1.94,39.49,88.45,14.13,"Low (<1.0%)","Bachelor's+"
"Minnesota",2012,"Midwest",13.4484247932721,34.4940726479982,0.22498809544788,2.2,1.8,3.7,3.58,5.05,41.34,92.17,14.58,"High (3.0%+)","Bachelor's+"
"Minnesota",2013,"Midwest",13.4484247932721,34.4940726479982,0.22498809544788,1.8,1.6,2.92,-0.92,3.04,38.09,89.31,13.98,"Low (<1.0%)","Bachelor's+"
"Minnesota",2014,"Midwest",13.4484247932721,34.4940726479982,0.22498809544788,2.5,2.1,1.56,1.79,2.61,36.77,90.22,14.35,"Moderate (1.0-3.0%)","Some College"
"Minnesota",2015,"Midwest",13.4484247932721,34.4940726479982,0.22498809544788,2.7,2.3,3.29,2.7,4.16,42.1,91.76,14.63,"Moderate (1.0-3.0%)","Bachelor's+"
"Minnesota",2016,"Midwest",13.4484247932721,34.4940726479982,0.22498809544788,1.7,1.4,0.36,1.14,2.56,39.88,89.11,14.06,"Moderate (1.0-3.0%)","Bachelor's+"
"Minnesota",2017,"Midwest",13.4484247932721,34.4940726479982,0.22498809544788,2.2,1.9,3.15,0.78,1.89,38.03,90.51,14.15,"Low (<1.0%)","Bachelor's+"
"Minnesota",2018,"Midwest",13.4484247932721,34.4940726479982,0.22498809544788,2.9,2.5,2.25,2.35,2.19,44.11,91.25,14.32,"Moderate (1.0-3.0%)","Bachelor's+"
"Minnesota",2019,"Midwest",13.4484247932721,34.4940726479982,0.22498809544788,2.3,2,2.98,3.61,1.96,41.22,92.31,14.87,"High (3.0%+)","Bachelor's+"
"Minnesota",2020,"Midwest",13.4484247932721,34.4940726479982,0.22498809544788,-2.8,-1.5,-2.25,-3.12,-0.7,33.22,90.69,13.66,"Low (<1.0%)","Some College"
"Minnesota",2021,"Midwest",13.4484247932721,34.4940726479982,0.22498809544788,5.9,4.2,5.49,5.9,3.45,45.61,92.77,15.2,"High (3.0%+)","Bachelor's+"
"Minnesota",2022,"Midwest",13.4484247932721,34.4940726479982,0.22498809544788,2.1,1.8,2.8,2.9,3.55,43.47,92.74,14.88,"Moderate (1.0-3.0%)","Bachelor's+"
"Minnesota",2023,"Midwest",13.4484247932721,34.4940726479982,0.22498809544788,2.5,2.2,3.36,0.72,2.39,41.18,92.79,14.62,"Low (<1.0%)","Bachelor's+"
"Minnesota",2024,"Midwest",13.4484247932721,34.4940726479982,0.22498809544788,2.8,2.4,2.45,0.6,3.26,42.39,93.08,14.46,"Low (<1.0%)","Bachelor's+"
"Mississippi",2004,"South",13.8644024097518,28.1859065689106,0.180134434604639,3.8,2.4,5.56,2.44,4.57,33.03,88.15,14.81,"Moderate (1.0-3.0%)","Some College"
"Mississippi",2005,"South",13.8644024097518,28.1859065689106,0.180134434604639,3.5,2.1,5.59,2.44,3.54,34.76,86.9,14.81,"Moderate (1.0-3.0%)","Some College"
"Mississippi",2006,"South",13.8644024097518,28.1859065689106,0.180134434604639,2.9,2.8,1.91,4.22,2,33.1,87.22,14.42,"High (3.0%+)","Some College"
"Mississippi",2007,"South",13.8644024097518,28.1859065689106,0.180134434604639,1.9,1.5,0.73,1.45,1.38,32.82,87.53,14.41,"Moderate (1.0-3.0%)","Some College"
"Mississippi",2008,"South",13.8644024097518,28.1859065689106,0.180134434604639,-0.1,-0.8,0.67,-0.3,1.87,30.22,87.97,14.13,"Low (<1.0%)","Some College"
"Mississippi",2009,"South",13.8644024097518,28.1859065689106,0.180134434604639,-2.5,-1.9,-3.87,-0.35,2.72,28.15,86.95,13.84,"Low (<1.0%)","High School or Less"
"Mississippi",2010,"South",13.8644024097518,28.1859065689106,0.180134434604639,2.6,1.2,1.93,2.6,2.69,33.06,89.03,15.01,"Moderate (1.0-3.0%)","Some College"
"Mississippi",2011,"South",13.8644024097518,28.1859065689106,0.180134434604639,1.6,1.1,2.8,2.09,2.29,33.64,88.92,14.63,"Moderate (1.0-3.0%)","Some College"
"Mississippi",2012,"South",13.8644024097518,28.1859065689106,0.180134434604639,2.2,1.8,1.34,2.19,1.86,31.43,87.56,14.38,"Moderate (1.0-3.0%)","Some College"
"Mississippi",2013,"South",13.8644024097518,28.1859065689106,0.180134434604639,1.8,1.6,-1.09,2.06,1.76,30.15,88.45,14.46,"Moderate (1.0-3.0%)","Some College"
"Mississippi",2014,"South",13.8644024097518,28.1859065689106,0.180134434604639,2.5,2.1,3.5,3.54,3.21,36.18,90.21,15.08,"High (3.0%+)","Some College"
"Mississippi",2015,"South",13.8644024097518,28.1859065689106,0.180134434604639,2.7,2.3,0.3,3.62,3.7,34.24,87.99,15.01,"High (3.0%+)","Some College"
"Mississippi",2016,"South",13.8644024097518,28.1859065689106,0.180134434604639,1.7,1.4,-0.33,1.33,1.39,29.84,90.29,14.57,"Moderate (1.0-3.0%)","High School or Less"
"Mississippi",2017,"South",13.8644024097518,28.1859065689106,0.180134434604639,2.2,1.9,-2.33,2.34,2.47,30.83,88.67,14.58,"Moderate (1.0-3.0%)","Some College"
"Mississippi",2018,"South",13.8644024097518,28.1859065689106,0.180134434604639,2.9,2.5,4.15,4.53,2.49,36.64,91.95,15.19,"High (3.0%+)","Some College"
"Mississippi",2019,"South",13.8644024097518,28.1859065689106,0.180134434604639,2.3,2,2.68,3.77,3.07,37.19,91.68,15.24,"High (3.0%+)","Some College"
"Mississippi",2020,"South",13.8644024097518,28.1859065689106,0.180134434604639,-2.8,-1.5,-2.11,-2.67,0.95,28.99,89.37,14.08,"Low (<1.0%)","High School or Less"
"Mississippi",2021,"South",13.8644024097518,28.1859065689106,0.180134434604639,5.9,4.2,7.17,5.94,5.36,40.47,93.82,15.98,"High (3.0%+)","Bachelor's+"
"Mississippi",2022,"South",13.8644024097518,28.1859065689106,0.180134434604639,2.1,1.8,2.04,1.7,4.29,34.61,93.43,15.07,"Moderate (1.0-3.0%)","Some College"
"Mississippi",2023,"South",13.8644024097518,28.1859065689106,0.180134434604639,2.5,2.2,0.84,0.31,4.09,32.95,92.5,14.68,"Low (<1.0%)","Some College"
"Mississippi",2024,"South",13.8644024097518,28.1859065689106,0.180134434604639,2.8,2.4,3.65,3.95,3.92,36.8,93.07,15.59,"High (3.0%+)","Some College"
"Missouri",2004,"Midwest",14.0685580383795,29.8286847417046,0.219927095427812,3.8,2.4,5.76,2.5,3.12,35.83,88.1,14.82,"Moderate (1.0-3.0%)","Some College"
"Missouri",2005,"Midwest",14.0685580383795,29.8286847417046,0.219927095427812,3.5,2.1,1.25,3.26,2.23,32.92,86.79,14.63,"High (3.0%+)","Some College"
"Missouri",2006,"Midwest",14.0685580383795,29.8286847417046,0.219927095427812,2.9,2.8,1.99,5.13,2.96,35.91,86.38,15.12,"High (3.0%+)","Some College"
"Missouri",2007,"Midwest",14.0685580383795,29.8286847417046,0.219927095427812,1.9,1.5,1.46,2.8,-0.07,32.58,87.32,14.52,"Moderate (1.0-3.0%)","Some College"
"Missouri",2008,"Midwest",14.0685580383795,29.8286847417046,0.219927095427812,-0.1,-0.8,-2.03,-1.22,3.1,30.43,86.49,14.18,"Low (<1.0%)","Some College"
"Missouri",2009,"Midwest",14.0685580383795,29.8286847417046,0.219927095427812,-2.5,-1.9,-1.46,-2.06,0.28,30.27,85.83,14.01,"Low (<1.0%)","Some College"
"Missouri",2010,"Midwest",14.0685580383795,29.8286847417046,0.219927095427812,2.6,1.2,1.7,0.02,1.96,33.67,86.94,14.71,"Low (<1.0%)","Some College"
"Missouri",2011,"Midwest",14.0685580383795,29.8286847417046,0.219927095427812,1.6,1.1,3.49,0.11,4.64,34.81,89.46,14.8,"Low (<1.0%)","Some College"
"Missouri",2012,"Midwest",14.0685580383795,29.8286847417046,0.219927095427812,2.2,1.8,2.28,2.39,3.18,34.25,89.95,14.84,"Moderate (1.0-3.0%)","Some College"
"Missouri",2013,"Midwest",14.0685580383795,29.8286847417046,0.219927095427812,1.8,1.6,2.89,1.24,3.43,35.98,88.71,14.83,"Moderate (1.0-3.0%)","Some College"
"Missouri",2014,"Midwest",14.0685580383795,29.8286847417046,0.219927095427812,2.5,2.1,4.84,2.89,2.55,37.27,89.93,14.95,"Moderate (1.0-3.0%)","Some College"
"Missouri",2015,"Midwest",14.0685580383795,29.8286847417046,0.219927095427812,2.7,2.3,3.1,3.3,1.01,34.98,90.42,14.85,"High (3.0%+)","Some College"
"Missouri",2016,"Midwest",14.0685580383795,29.8286847417046,0.219927095427812,1.7,1.4,3.32,1.84,2.05,37.18,89.57,15.21,"Moderate (1.0-3.0%)","Some College"
"Missouri",2017,"Midwest",14.0685580383795,29.8286847417046,0.219927095427812,2.2,1.9,2.52,1.42,3.36,37.14,92.15,15.07,"Moderate (1.0-3.0%)","Some College"
"Missouri",2018,"Midwest",14.0685580383795,29.8286847417046,0.219927095427812,2.9,2.5,0.63,0.7,3.05,34.03,90.04,14.91,"Low (<1.0%)","Some College"
"Missouri",2019,"Midwest",14.0685580383795,29.8286847417046,0.219927095427812,2.3,2,2.33,2.14,2.75,39.89,90.96,15.2,"Moderate (1.0-3.0%)","Bachelor's+"
"Missouri",2020,"Midwest",14.0685580383795,29.8286847417046,0.219927095427812,-2.8,-1.5,-1.72,-2.75,1.01,27.42,91.22,14.54,"Low (<1.0%)","High School or Less"
"Missouri",2021,"Midwest",14.0685580383795,29.8286847417046,0.219927095427812,5.9,4.2,6.63,4.98,4.45,42.34,93.74,15.86,"High (3.0%+)","Bachelor's+"
"Missouri",2022,"Midwest",14.0685580383795,29.8286847417046,0.219927095427812,2.1,1.8,1.84,2.73,1.81,36.54,92.55,15.25,"Moderate (1.0-3.0%)","Some College"
"Missouri",2023,"Midwest",14.0685580383795,29.8286847417046,0.219927095427812,2.5,2.2,0.67,2.58,2.81,37.34,91.13,15.38,"Moderate (1.0-3.0%)","Some College"
"Missouri",2024,"Midwest",14.0685580383795,29.8286847417046,0.219927095427812,2.8,2.4,3.77,1.15,1.81,36.14,93.76,15.46,"Moderate (1.0-3.0%)","Some College"
"Montana",2004,"West",13.3708592605181,34.3239859907267,0.202869644742967,3.8,2.4,2.43,1.49,4.96,38.07,87.59,14.06,"Moderate (1.0-3.0%)","Bachelor's+"
"Montana",2005,"West",13.3708592605181,34.3239859907267,0.202869644742967,3.5,2.1,1.62,1.51,-0.76,35.2,86.92,13.48,"Moderate (1.0-3.0%)","Some College"
"Montana",2006,"West",13.3708592605181,34.3239859907267,0.202869644742967,2.9,2.8,3.79,2.98,4.84,40.91,88.5,14.27,"Moderate (1.0-3.0%)","Bachelor's+"
"Montana",2007,"West",13.3708592605181,34.3239859907267,0.202869644742967,1.9,1.5,0.05,4.33,1.23,38.81,86.96,13.92,"High (3.0%+)","Bachelor's+"
"Montana",2008,"West",13.3708592605181,34.3239859907267,0.202869644742967,-0.1,-0.8,0.27,-1.9,3.58,36.33,89.6,13.51,"Low (<1.0%)","Some College"
"Montana",2009,"West",13.3708592605181,34.3239859907267,0.202869644742967,-2.5,-1.9,-2.5,-4.49,-0.5,31.57,85.6,12.99,"Low (<1.0%)","Some College"
"Montana",2010,"West",13.3708592605181,34.3239859907267,0.202869644742967,2.6,1.2,0.61,1.06,1.79,37.12,89.33,14.04,"Moderate (1.0-3.0%)","Some College"
"Montana",2011,"West",13.3708592605181,34.3239859907267,0.202869644742967,1.6,1.1,3.37,0.09,3.26,38.51,89.18,13.85,"Low (<1.0%)","Bachelor's+"
"Montana",2012,"West",13.3708592605181,34.3239859907267,0.202869644742967,2.2,1.8,1.31,-0.81,1.18,38.72,88.21,13.66,"Low (<1.0%)","Bachelor's+"
"Montana",2013,"West",13.3708592605181,34.3239859907267,0.202869644742967,1.8,1.6,3.6,0.55,2.44,40.12,90.46,14.15,"Low (<1.0%)","Bachelor's+"
"Montana",2014,"West",13.3708592605181,34.3239859907267,0.202869644742967,2.5,2.1,1.79,1.65,3.13,39.41,89.54,14.17,"Moderate (1.0-3.0%)","Bachelor's+"
"Montana",2015,"West",13.3708592605181,34.3239859907267,0.202869644742967,2.7,2.3,1.84,0.98,3.21,41.11,90.91,14.3,"Low (<1.0%)","Bachelor's+"
"Montana",2016,"West",13.3708592605181,34.3239859907267,0.202869644742967,1.7,1.4,1.65,2.26,1.02,39.92,89.21,14.21,"Moderate (1.0-3.0%)","Bachelor's+"
"Montana",2017,"West",13.3708592605181,34.3239859907267,0.202869644742967,2.2,1.9,1.66,2.99,1.29,40.05,89.46,14.3,"Moderate (1.0-3.0%)","Bachelor's+"
"Montana",2018,"West",13.3708592605181,34.3239859907267,0.202869644742967,2.9,2.5,2.37,2.11,2.96,39.56,92.12,14.62,"Moderate (1.0-3.0%)","Bachelor's+"
"Montana",2019,"West",13.3708592605181,34.3239859907267,0.202869644742967,2.3,2,0.98,0.22,3.99,39.96,91.84,14.39,"Low (<1.0%)","Bachelor's+"
"Montana",2020,"West",13.3708592605181,34.3239859907267,0.202869644742967,-2.8,-1.5,-4.62,-0.79,1.51,36.2,89.49,13.6,"Low (<1.0%)","Some College"
"Montana",2021,"West",13.3708592605181,34.3239859907267,0.202869644742967,5.9,4.2,6.82,3.17,2.22,43.02,93.31,14.7,"High (3.0%+)","Bachelor's+"
"Montana",2022,"West",13.3708592605181,34.3239859907267,0.202869644742967,2.1,1.8,0.89,0.8,1.4,38.26,91.59,14.33,"Low (<1.0%)","Bachelor's+"
"Montana",2023,"West",13.3708592605181,34.3239859907267,0.202869644742967,2.5,2.2,0.44,2.38,-0.07,38.3,91.48,14.67,"Moderate (1.0-3.0%)","Bachelor's+"
"Montana",2024,"West",13.3708592605181,34.3239859907267,0.202869644742967,2.8,2.4,2.04,1.23,3.55,40.47,92.43,14.56,"Moderate (1.0-3.0%)","Bachelor's+"
"Nebraska",2004,"Midwest",13.4228191851693,35.0727149513384,0.19545313574202,3.8,2.4,2.6,2.05,1.73,39.55,87.21,13.72,"Moderate (1.0-3.0%)","Bachelor's+"
"Nebraska",2005,"Midwest",13.4228191851693,35.0727149513384,0.19545313574202,3.5,2.1,0.21,1.17,2.05,37.5,86.65,13.57,"Moderate (1.0-3.0%)","Some College"
"Nebraska",2006,"Midwest",13.4228191851693,35.0727149513384,0.19545313574202,2.9,2.8,2.46,3.27,3.47,38.97,88.89,14.01,"High (3.0%+)","Bachelor's+"
"Nebraska",2007,"Midwest",13.4228191851693,35.0727149513384,0.19545313574202,1.9,1.5,2.15,0.48,2.49,36.04,86.53,13.82,"Low (<1.0%)","Some College"
"Nebraska",2008,"Midwest",13.4228191851693,35.0727149513384,0.19545313574202,-0.1,-0.8,0.34,-1.81,1.08,31.92,87.95,13.61,"Low (<1.0%)","Some College"
"Nebraska",2009,"Midwest",13.4228191851693,35.0727149513384,0.19545313574202,-2.5,-1.9,-1.91,-3.05,1.57,32.71,86.79,13.33,"Low (<1.0%)","Some College"
"Nebraska",2010,"Midwest",13.4228191851693,35.0727149513384,0.19545313574202,2.6,1.2,1.1,1.21,0.73,38.39,87.66,14.01,"Moderate (1.0-3.0%)","Bachelor's+"
"Nebraska",2011,"Midwest",13.4228191851693,35.0727149513384,0.19545313574202,1.6,1.1,1.11,2.56,5.18,39.24,89.23,14.44,"Moderate (1.0-3.0%)","Bachelor's+"
"Nebraska",2012,"Midwest",13.4228191851693,35.0727149513384,0.19545313574202,2.2,1.8,0.69,0.73,-0.79,37.47,89.37,13.84,"Low (<1.0%)","Some College"
"Nebraska",2013,"Midwest",13.4228191851693,35.0727149513384,0.19545313574202,1.8,1.6,0.85,1.86,4.9,42.46,88.57,14.33,"Moderate (1.0-3.0%)","Bachelor's+"
"Nebraska",2014,"Midwest",13.4228191851693,35.0727149513384,0.19545313574202,2.5,2.1,0.69,1.31,2.89,36.75,88.82,14.03,"Moderate (1.0-3.0%)","Some College"
"Nebraska",2015,"Midwest",13.4228191851693,35.0727149513384,0.19545313574202,2.7,2.3,1.03,0.99,1.61,38.83,89.48,14.19,"Low (<1.0%)","Bachelor's+"
"Nebraska",2016,"Midwest",13.4228191851693,35.0727149513384,0.19545313574202,1.7,1.4,2.64,2.71,3.12,40.45,90.78,14.51,"Moderate (1.0-3.0%)","Bachelor's+"
"Nebraska",2017,"Midwest",13.4228191851693,35.0727149513384,0.19545313574202,2.2,1.9,1.79,1.22,2.48,41.35,90.74,14.22,"Moderate (1.0-3.0%)","Bachelor's+"
"Nebraska",2018,"Midwest",13.4228191851693,35.0727149513384,0.19545313574202,2.9,2.5,2.51,4.44,5.46,44.01,93.21,14.83,"High (3.0%+)","Bachelor's+"
"Nebraska",2019,"Midwest",13.4228191851693,35.0727149513384,0.19545313574202,2.3,2,4.89,1.18,6.12,43.85,92.83,14.81,"Moderate (1.0-3.0%)","Bachelor's+"
"Nebraska",2020,"Midwest",13.4228191851693,35.0727149513384,0.19545313574202,-2.8,-1.5,-2.89,-0.71,2.05,37.47,90.11,14.21,"Low (<1.0%)","Some College"
"Nebraska",2021,"Midwest",13.4228191851693,35.0727149513384,0.19545313574202,5.9,4.2,5.09,5.53,3.19,45.83,92.81,15.29,"High (3.0%+)","Bachelor's+"
"Nebraska",2022,"Midwest",13.4228191851693,35.0727149513384,0.19545313574202,2.1,1.8,3.22,4.37,3.15,44.54,91.76,14.83,"High (3.0%+)","Bachelor's+"
"Nebraska",2023,"Midwest",13.4228191851693,35.0727149513384,0.19545313574202,2.5,2.2,1.77,1.2,1.59,39.83,92.67,14.58,"Moderate (1.0-3.0%)","Bachelor's+"
"Nebraska",2024,"Midwest",13.4228191851693,35.0727149513384,0.19545313574202,2.8,2.4,4.86,2.49,2.31,45.25,92.68,14.8,"Moderate (1.0-3.0%)","Bachelor's+"
"Nevada",2004,"West",12.9710510744416,33.8550703541607,0.139012886183236,3.8,2.4,3.23,3.52,2.6,40.47,86.58,13.73,"High (3.0%+)","Bachelor's+"
"Nevada",2005,"West",12.9710510744416,33.8550703541607,0.139012886183236,3.5,2.1,2.58,1.5,4.61,37.79,88.19,13.42,"Moderate (1.0-3.0%)","Some College"
"Nevada",2006,"West",12.9710510744416,33.8550703541607,0.139012886183236,2.9,2.8,1.15,3.51,1.77,37.42,87.65,13.39,"High (3.0%+)","Some College"
"Nevada",2007,"West",12.9710510744416,33.8550703541607,0.139012886183236,1.9,1.5,2.39,0.98,3.05,35,86.79,13.53,"Low (<1.0%)","Some College"
"Nevada",2008,"West",12.9710510744416,33.8550703541607,0.139012886183236,-0.1,-0.8,2.1,-2.16,4.18,35.82,89.56,13.4,"Low (<1.0%)","Some College"
"Nevada",2009,"West",12.9710510744416,33.8550703541607,0.139012886183236,-2.5,-1.9,-3.03,-4.58,1.6,28.15,85.34,12.52,"Low (<1.0%)","High School or Less"
"Nevada",2010,"West",12.9710510744416,33.8550703541607,0.139012886183236,2.6,1.2,2.99,1.82,3.53,38.39,89.95,13.89,"Moderate (1.0-3.0%)","Bachelor's+"
"Nevada",2011,"West",12.9710510744416,33.8550703541607,0.139012886183236,1.6,1.1,2.1,0.69,1.85,35.17,88.91,13.7,"Low (<1.0%)","Some College"
"Nevada",2012,"West",12.9710510744416,33.8550703541607,0.139012886183236,2.2,1.8,4.33,3.86,3.45,39.84,90.95,14.21,"High (3.0%+)","Bachelor's+"
"Nevada",2013,"West",12.9710510744416,33.8550703541607,0.139012886183236,1.8,1.6,2.8,0.26,1.66,37,90.01,13.76,"Low (<1.0%)","Some College"
"Nevada",2014,"West",12.9710510744416,33.8550703541607,0.139012886183236,2.5,2.1,0.89,1.51,1.36,37.8,90.48,13.66,"Moderate (1.0-3.0%)","Some College"
"Nevada",2015,"West",12.9710510744416,33.8550703541607,0.139012886183236,2.7,2.3,1.65,3.27,1.1,40.38,89.71,14.1,"High (3.0%+)","Bachelor's+"
"Nevada",2016,"West",12.9710510744416,33.8550703541607,0.139012886183236,1.7,1.4,0.58,1.09,1.64,36.64,90.52,13.8,"Moderate (1.0-3.0%)","Some College"
"Nevada",2017,"West",12.9710510744416,33.8550703541607,0.139012886183236,2.2,1.9,2.41,2.49,3.12,39.36,89.98,14.08,"Moderate (1.0-3.0%)","Bachelor's+"
"Nevada",2018,"West",12.9710510744416,33.8550703541607,0.139012886183236,2.9,2.5,2.89,4.12,2.75,40.6,91.11,14.19,"High (3.0%+)","Bachelor's+"
"Nevada",2019,"West",12.9710510744416,33.8550703541607,0.139012886183236,2.3,2,2.85,4.61,1.68,40.3,92.38,14.31,"High (3.0%+)","Bachelor's+"
"Nevada",2020,"West",12.9710510744416,33.8550703541607,0.139012886183236,-2.8,-1.5,-3.79,-1.44,-0.3,32.95,90.04,13.36,"Low (<1.0%)","Some College"
"Nevada",2021,"West",12.9710510744416,33.8550703541607,0.139012886183236,5.9,4.2,5.34,3.19,1.99,42.35,91.3,14.49,"High (3.0%+)","Bachelor's+"
"Nevada",2022,"West",12.9710510744416,33.8550703541607,0.139012886183236,2.1,1.8,3.21,0.5,3.46,41.62,92.05,14.06,"Low (<1.0%)","Bachelor's+"
"Nevada",2023,"West",12.9710510744416,33.8550703541607,0.139012886183236,2.5,2.2,2.35,1.54,3.03,41.65,92.62,14.1,"Moderate (1.0-3.0%)","Bachelor's+"
"Nevada",2024,"West",12.9710510744416,33.8550703541607,0.139012886183236,2.8,2.4,1.82,1.89,0.85,38.89,91.53,14.18,"Moderate (1.0-3.0%)","Bachelor's+"
"New Hampshire",2004,"Northeast",13.6380292064494,28.4568948103613,0.171010081985601,3.8,2.4,5.26,0.95,1.56,32.77,87.01,14.04,"Low (<1.0%)","Some College"
"New Hampshire",2005,"Northeast",13.6380292064494,28.4568948103613,0.171010081985601,3.5,2.1,3.52,2.82,2.97,32.53,89.11,14.5,"Moderate (1.0-3.0%)","Some College"
"New Hampshire",2006,"Northeast",13.6380292064494,28.4568948103613,0.171010081985601,2.9,2.8,1.53,4.51,1.91,31.37,86.47,14.35,"High (3.0%+)","Some College"
"New Hampshire",2007,"Northeast",13.6380292064494,28.4568948103613,0.171010081985601,1.9,1.5,4.46,0.97,1.89,32.99,88.51,14.27,"Low (<1.0%)","Some College"
"New Hampshire",2008,"Northeast",13.6380292064494,28.4568948103613,0.171010081985601,-0.1,-0.8,-1.85,-2.05,2.69,28.49,87.87,13.37,"Low (<1.0%)","High School or Less"
"New Hampshire",2009,"Northeast",13.6380292064494,28.4568948103613,0.171010081985601,-2.5,-1.9,-5.17,-3.43,0.37,26.82,86.35,13.35,"Low (<1.0%)","High School or Less"
"New Hampshire",2010,"Northeast",13.6380292064494,28.4568948103613,0.171010081985601,2.6,1.2,-0.78,2.12,1.74,31,87.69,14.08,"Moderate (1.0-3.0%)","Some College"
"New Hampshire",2011,"Northeast",13.6380292064494,28.4568948103613,0.171010081985601,1.6,1.1,2.58,1.14,3.51,30.9,89.84,14.49,"Moderate (1.0-3.0%)","Some College"
"New Hampshire",2012,"Northeast",13.6380292064494,28.4568948103613,0.171010081985601,2.2,1.8,1.4,-0.49,2.92,31.65,88.79,13.92,"Low (<1.0%)","Some College"
"New Hampshire",2013,"Northeast",13.6380292064494,28.4568948103613,0.171010081985601,1.8,1.6,1.39,1.45,2.02,30.55,90.54,14.4,"Moderate (1.0-3.0%)","Some College"
"New Hampshire",2014,"Northeast",13.6380292064494,28.4568948103613,0.171010081985601,2.5,2.1,2.93,2.1,1.52,32.12,89.37,14.56,"Moderate (1.0-3.0%)","Some College"
"New Hampshire",2015,"Northeast",13.6380292064494,28.4568948103613,0.171010081985601,2.7,2.3,2,1.29,4.02,33.13,89.45,14.36,"Moderate (1.0-3.0%)","Some College"
"New Hampshire",2016,"Northeast",13.6380292064494,28.4568948103613,0.171010081985601,1.7,1.4,-0.71,-0.07,-0.27,29.5,86.46,14.07,"Low (<1.0%)","High School or Less"
"New Hampshire",2017,"Northeast",13.6380292064494,28.4568948103613,0.171010081985601,2.2,1.9,-0.72,1.36,3.44,30.96,90.37,14.28,"Moderate (1.0-3.0%)","Some College"
"New Hampshire",2018,"Northeast",13.6380292064494,28.4568948103613,0.171010081985601,2.9,2.5,2.39,1.66,2.07,35.09,90.12,14.52,"Moderate (1.0-3.0%)","Some College"
"New Hampshire",2019,"Northeast",13.6380292064494,28.4568948103613,0.171010081985601,2.3,2,2.56,1.19,5.26,35.42,91.93,14.88,"Moderate (1.0-3.0%)","Some College"
"New Hampshire",2020,"Northeast",13.6380292064494,28.4568948103613,0.171010081985601,-2.8,-1.5,-6.22,-4.26,-0.11,24.48,87.65,13.45,"Low (<1.0%)","High School or Less"
"New Hampshire",2021,"Northeast",13.6380292064494,28.4568948103613,0.171010081985601,5.9,4.2,6.34,4.02,3.24,37.11,93.77,15.26,"High (3.0%+)","Some College"
"New Hampshire",2022,"Northeast",13.6380292064494,28.4568948103613,0.171010081985601,2.1,1.8,2.73,2.94,2.87,34.35,92.12,14.89,"Moderate (1.0-3.0%)","Some College"
"New Hampshire",2023,"Northeast",13.6380292064494,28.4568948103613,0.171010081985601,2.5,2.2,4.44,3.59,4.91,38.42,94.3,15.06,"High (3.0%+)","Bachelor's+"
"New Hampshire",2024,"Northeast",13.6380292064494,28.4568948103613,0.171010081985601,2.8,2.4,3.05,4.89,0.74,37.78,92.92,15.19,"High (3.0%+)","Some College"
"New Jersey",2004,"Northeast",13.308001537212,27.6008764054086,0.227180657644718,3.8,2.4,4.11,2.72,2.86,31.82,88.35,13.7,"Moderate (1.0-3.0%)","Some College"
"New Jersey",2005,"Northeast",13.308001537212,27.6008764054086,0.227180657644718,3.5,2.1,4.41,0.84,3.68,33.05,88.56,14.04,"Low (<1.0%)","Some College"
"New Jersey",2006,"Northeast",13.308001537212,27.6008764054086,0.227180657644718,2.9,2.8,2.87,3.4,3.04,32.39,88.05,14.08,"High (3.0%+)","Some College"
"New Jersey",2007,"Northeast",13.308001537212,27.6008764054086,0.227180657644718,1.9,1.5,1.78,2.82,2.67,32.29,89.03,13.97,"Moderate (1.0-3.0%)","Some College"
"New Jersey",2008,"Northeast",13.308001537212,27.6008764054086,0.227180657644718,-0.1,-0.8,0.07,1.46,1.63,31.48,87.12,13.64,"Moderate (1.0-3.0%)","Some College"
"New Jersey",2009,"Northeast",13.308001537212,27.6008764054086,0.227180657644718,-2.5,-1.9,-1.38,-0.93,0.22,26.67,86.06,13.09,"Low (<1.0%)","High School or Less"
"New Jersey",2010,"Northeast",13.308001537212,27.6008764054086,0.227180657644718,2.6,1.2,1.95,2.9,6.02,34.27,90.99,14.34,"Moderate (1.0-3.0%)","Some College"
"New Jersey",2011,"Northeast",13.308001537212,27.6008764054086,0.227180657644718,1.6,1.1,0.85,1.63,0.51,31.48,88.05,13.86,"Moderate (1.0-3.0%)","Some College"
"New Jersey",2012,"Northeast",13.308001537212,27.6008764054086,0.227180657644718,2.2,1.8,0.9,0.27,3.45,30.87,89.92,13.85,"Low (<1.0%)","Some College"
"New Jersey",2013,"Northeast",13.308001537212,27.6008764054086,0.227180657644718,1.8,1.6,0.36,0.57,0.78,30.67,88.52,13.82,"Low (<1.0%)","Some College"
"New Jersey",2014,"Northeast",13.308001537212,27.6008764054086,0.227180657644718,2.5,2.1,2.99,4.36,0.5,34.73,89.85,14.44,"High (3.0%+)","Some College"
"New Jersey",2015,"Northeast",13.308001537212,27.6008764054086,0.227180657644718,2.7,2.3,5.02,3.14,3.69,37.3,91.49,14.63,"High (3.0%+)","Some College"
"New Jersey",2016,"Northeast",13.308001537212,27.6008764054086,0.227180657644718,1.7,1.4,0.25,0.6,4.61,33.78,88.84,14.19,"Low (<1.0%)","Some College"
"New Jersey",2017,"Northeast",13.308001537212,27.6008764054086,0.227180657644718,2.2,1.9,1.92,1.05,3.33,32.96,91.05,14.29,"Moderate (1.0-3.0%)","Some College"
"New Jersey",2018,"Northeast",13.308001537212,27.6008764054086,0.227180657644718,2.9,2.5,1.35,1.4,0.44,33.21,89.59,14.04,"Moderate (1.0-3.0%)","Some College"
"New Jersey",2019,"Northeast",13.308001537212,27.6008764054086,0.227180657644718,2.3,2,3.66,2.18,2.31,36.86,93.1,14.71,"Moderate (1.0-3.0%)","Some College"
"New Jersey",2020,"Northeast",13.308001537212,27.6008764054086,0.227180657644718,-2.8,-1.5,-3.28,-1.8,0.12,27.88,90.23,13.64,"Low (<1.0%)","High School or Less"
"New Jersey",2021,"Northeast",13.308001537212,27.6008764054086,0.227180657644718,5.9,4.2,6.17,3.07,2.48,38.93,93.78,14.86,"High (3.0%+)","Bachelor's+"
"New Jersey",2022,"Northeast",13.308001537212,27.6008764054086,0.227180657644718,2.1,1.8,2.62,3.26,4.02,34.95,92.28,14.69,"High (3.0%+)","Some College"
"New Jersey",2023,"Northeast",13.308001537212,27.6008764054086,0.227180657644718,2.5,2.2,0.92,2.22,5.25,34.8,92.67,14.42,"Moderate (1.0-3.0%)","Some College"
"New Jersey",2024,"Northeast",13.308001537212,27.6008764054086,0.227180657644718,2.8,2.4,2.64,3.31,1.05,36.07,92.74,14.62,"High (3.0%+)","Some College"
"New Mexico",2004,"West",13.6366350369724,38.0508280392197,0.242704823776941,3.8,2.4,3.46,1.94,4.02,40.43,87.97,14.21,"Moderate (1.0-3.0%)","Bachelor's+"
"New Mexico",2005,"West",13.6366350369724,38.0508280392197,0.242704823776941,3.5,2.1,4.51,2.31,2.07,43.04,87.05,14.06,"Moderate (1.0-3.0%)","Bachelor's+"
"New Mexico",2006,"West",13.6366350369724,38.0508280392197,0.242704823776941,2.9,2.8,1.05,4.04,3.63,40.53,87.37,14.46,"High (3.0%+)","Bachelor's+"
"New Mexico",2007,"West",13.6366350369724,38.0508280392197,0.242704823776941,1.9,1.5,0.1,2.31,2.29,40.35,86.34,14.1,"Moderate (1.0-3.0%)","Bachelor's+"
"New Mexico",2008,"West",13.6366350369724,38.0508280392197,0.242704823776941,-0.1,-0.8,1.05,0.33,1.98,39.36,88.95,14.17,"Low (<1.0%)","Bachelor's+"
"New Mexico",2009,"West",13.6366350369724,38.0508280392197,0.242704823776941,-2.5,-1.9,-3.38,-4.09,1.84,36.94,86.74,13.31,"Low (<1.0%)","Some College"
"New Mexico",2010,"West",13.6366350369724,38.0508280392197,0.242704823776941,2.6,1.2,1.61,1.41,5.14,41.88,89.67,14.58,"Moderate (1.0-3.0%)","Bachelor's+"
"New Mexico",2011,"West",13.6366350369724,38.0508280392197,0.242704823776941,1.6,1.1,1.77,0.87,4.23,44.36,89.13,14.21,"Low (<1.0%)","Bachelor's+"
"New Mexico",2012,"West",13.6366350369724,38.0508280392197,0.242704823776941,2.2,1.8,1.72,1.02,2.28,41.37,89.74,14.16,"Moderate (1.0-3.0%)","Bachelor's+"
"New Mexico",2013,"West",13.6366350369724,38.0508280392197,0.242704823776941,1.8,1.6,4.6,0.93,4.29,44.22,90.82,14.58,"Low (<1.0%)","Bachelor's+"
"New Mexico",2014,"West",13.6366350369724,38.0508280392197,0.242704823776941,2.5,2.1,2.89,4.11,1.55,44.07,90.67,14.83,"High (3.0%+)","Bachelor's+"
"New Mexico",2015,"West",13.6366350369724,38.0508280392197,0.242704823776941,2.7,2.3,2.94,2.82,3.4,46.53,91.22,14.54,"Moderate (1.0-3.0%)","Bachelor's+"
"New Mexico",2016,"West",13.6366350369724,38.0508280392197,0.242704823776941,1.7,1.4,3.1,1.23,4.08,43.2,91.34,14.87,"Moderate (1.0-3.0%)","Bachelor's+"
"New Mexico",2017,"West",13.6366350369724,38.0508280392197,0.242704823776941,2.2,1.9,2.11,3.03,3.18,46.28,90.48,14.83,"High (3.0%+)","Bachelor's+"
"New Mexico",2018,"West",13.6366350369724,38.0508280392197,0.242704823776941,2.9,2.5,2.97,1.85,2.18,46.03,90.74,14.75,"Moderate (1.0-3.0%)","Bachelor's+"
"New Mexico",2019,"West",13.6366350369724,38.0508280392197,0.242704823776941,2.3,2,0.69,2.17,2.15,43.82,91.25,14.51,"Moderate (1.0-3.0%)","Bachelor's+"
"New Mexico",2020,"West",13.6366350369724,38.0508280392197,0.242704823776941,-2.8,-1.5,-6.24,0.24,-0.57,37.49,88.17,13.88,"Low (<1.0%)","Some College"
"New Mexico",2021,"West",13.6366350369724,38.0508280392197,0.242704823776941,5.9,4.2,4.09,3.8,3.76,48.86,93.46,15.06,"High (3.0%+)","Bachelor's+"
"New Mexico",2022,"West",13.6366350369724,38.0508280392197,0.242704823776941,2.1,1.8,2.27,0.84,2.31,43.75,92.57,14.69,"Low (<1.0%)","Bachelor's+"
"New Mexico",2023,"West",13.6366350369724,38.0508280392197,0.242704823776941,2.5,2.2,0.95,1.54,2.02,43.83,92.36,14.68,"Moderate (1.0-3.0%)","Bachelor's+"
"New Mexico",2024,"West",13.6366350369724,38.0508280392197,0.242704823776941,2.8,2.4,3.83,1.14,2.39,45.5,93.09,15.03,"Moderate (1.0-3.0%)","Bachelor's+"
"New York",2004,"Northeast",13.7114512011686,33.0316857501281,0.200284905857861,3.8,2.4,4.89,2.7,4.75,37.77,88.95,14.5,"Moderate (1.0-3.0%)","Some College"
"New York",2005,"Northeast",13.7114512011686,33.0316857501281,0.200284905857861,3.5,2.1,3.83,2.49,3.55,39.98,88.2,14.36,"Moderate (1.0-3.0%)","Bachelor's+"
"New York",2006,"Northeast",13.7114512011686,33.0316857501281,0.200284905857861,2.9,2.8,2.6,3.83,1.64,38.48,87.43,14.41,"High (3.0%+)","Bachelor's+"
"New York",2007,"Northeast",13.7114512011686,33.0316857501281,0.200284905857861,1.9,1.5,-0.15,3.66,2.26,37.25,86.99,14.37,"High (3.0%+)","Some College"
"New York",2008,"Northeast",13.7114512011686,33.0316857501281,0.200284905857861,-0.1,-0.8,-0.56,0.89,1.17,33.94,87.12,14.09,"Low (<1.0%)","Some College"
"New York",2009,"Northeast",13.7114512011686,33.0316857501281,0.200284905857861,-2.5,-1.9,-3.18,-3.4,1.17,32.12,87.55,13.52,"Low (<1.0%)","Some College"
"New York",2010,"Northeast",13.7114512011686,33.0316857501281,0.200284905857861,2.6,1.2,3.59,3.6,5.32,39.1,89.81,14.98,"High (3.0%+)","Bachelor's+"
"New York",2011,"Northeast",13.7114512011686,33.0316857501281,0.200284905857861,1.6,1.1,3.56,1.27,1.82,37.34,88.82,14.54,"Moderate (1.0-3.0%)","Some College"
"New York",2012,"Northeast",13.7114512011686,33.0316857501281,0.200284905857861,2.2,1.8,2.95,1.34,3.15,39.42,89.43,14.32,"Moderate (1.0-3.0%)","Bachelor's+"
"New York",2013,"Northeast",13.7114512011686,33.0316857501281,0.200284905857861,1.8,1.6,0.11,3.83,0.32,36.38,86.77,14.63,"High (3.0%+)","Some College"
"New York",2014,"Northeast",13.7114512011686,33.0316857501281,0.200284905857861,2.5,2.1,5.01,2.61,4.24,40.73,91.12,15.04,"Moderate (1.0-3.0%)","Bachelor's+"
"New York",2015,"Northeast",13.7114512011686,33.0316857501281,0.200284905857861,2.7,2.3,4.22,4.38,1.54,39.67,91.22,14.86,"High (3.0%+)","Bachelor's+"
"New York",2016,"Northeast",13.7114512011686,33.0316857501281,0.200284905857861,1.7,1.4,2.04,1.35,0.57,36.99,89.07,14.64,"Moderate (1.0-3.0%)","Some College"
"New York",2017,"Northeast",13.7114512011686,33.0316857501281,0.200284905857861,2.2,1.9,-1.11,1.02,2.34,36.67,89.91,14.19,"Moderate (1.0-3.0%)","Some College"
"New York",2018,"Northeast",13.7114512011686,33.0316857501281,0.200284905857861,2.9,2.5,1.47,0.14,1.54,36.98,90.21,14.47,"Low (<1.0%)","Some College"
"New York",2019,"Northeast",13.7114512011686,33.0316857501281,0.200284905857861,2.3,2,2.2,3.35,0.29,40.48,90.18,14.99,"High (3.0%+)","Bachelor's+"
"New York",2020,"Northeast",13.7114512011686,33.0316857501281,0.200284905857861,-2.8,-1.5,-1.66,-2.57,-0.09,34.53,90.12,14.07,"Low (<1.0%)","Some College"
"New York",2021,"Northeast",13.7114512011686,33.0316857501281,0.200284905857861,5.9,4.2,4.13,5.25,4.53,44.5,92.1,15.47,"High (3.0%+)","Bachelor's+"
"New York",2022,"Northeast",13.7114512011686,33.0316857501281,0.200284905857861,2.1,1.8,6.92,1.94,4.29,43.74,93.57,15.07,"Moderate (1.0-3.0%)","Bachelor's+"
"New York",2023,"Northeast",13.7114512011686,33.0316857501281,0.200284905857861,2.5,2.2,-1.33,2.77,1.85,40.38,92.42,14.6,"Moderate (1.0-3.0%)","Bachelor's+"
"New York",2024,"Northeast",13.7114512011686,33.0316857501281,0.200284905857861,2.8,2.4,2.45,3.92,3.81,42.48,91.61,15.15,"High (3.0%+)","Bachelor's+"
"North Carolina",2004,"South",13.810531056591,32.3537609166383,0.220002515362614,3.8,2.4,3.41,1.82,3.26,37.16,86.97,14.32,"Moderate (1.0-3.0%)","Some College"
"North Carolina",2005,"South",13.810531056591,32.3537609166383,0.220002515362614,3.5,2.1,2.5,1.55,-1.07,33.87,86.35,14.3,"Moderate (1.0-3.0%)","Some College"
"North Carolina",2006,"South",13.810531056591,32.3537609166383,0.220002515362614,2.9,2.8,2.42,2.52,2.75,36.48,88.71,14.42,"Moderate (1.0-3.0%)","Some College"
"North Carolina",2007,"South",13.810531056591,32.3537609166383,0.220002515362614,1.9,1.5,3.01,2.77,1.23,37.3,88.55,14.38,"Moderate (1.0-3.0%)","Some College"
"North Carolina",2008,"South",13.810531056591,32.3537609166383,0.220002515362614,-0.1,-0.8,-1.41,-1.37,0.46,31.49,86.81,13.76,"Low (<1.0%)","Some College"
"North Carolina",2009,"South",13.810531056591,32.3537609166383,0.220002515362614,-2.5,-1.9,-5.62,-2.11,-1.64,28.45,84.69,13.51,"Low (<1.0%)","High School or Less"
"North Carolina",2010,"South",13.810531056591,32.3537609166383,0.220002515362614,2.6,1.2,2.74,2.16,3.26,37.94,89.24,14.66,"Moderate (1.0-3.0%)","Some College"
"North Carolina",2011,"South",13.810531056591,32.3537609166383,0.220002515362614,1.6,1.1,1.6,2.03,5.22,39.86,89.49,14.63,"Moderate (1.0-3.0%)","Bachelor's+"
"North Carolina",2012,"South",13.810531056591,32.3537609166383,0.220002515362614,2.2,1.8,2.18,2.76,3.24,36.51,89.83,14.45,"Moderate (1.0-3.0%)","Some College"
"North Carolina",2013,"South",13.810531056591,32.3537609166383,0.220002515362614,1.8,1.6,2.8,1.66,5.16,38.17,90.25,14.88,"Moderate (1.0-3.0%)","Bachelor's+"
"North Carolina",2014,"South",13.810531056591,32.3537609166383,0.220002515362614,2.5,2.1,2.48,3.02,2.47,39.08,88.79,14.75,"High (3.0%+)","Bachelor's+"
"North Carolina",2015,"South",13.810531056591,32.3537609166383,0.220002515362614,2.7,2.3,3.86,2.64,2.51,39.61,90.32,14.92,"Moderate (1.0-3.0%)","Bachelor's+"
"North Carolina",2016,"South",13.810531056591,32.3537609166383,0.220002515362614,1.7,1.4,-1.32,0.64,2.55,34.14,90.74,14.39,"Low (<1.0%)","Some College"
"North Carolina",2017,"South",13.810531056591,32.3537609166383,0.220002515362614,2.2,1.9,0.51,4.07,0.65,37.46,88.56,14.76,"High (3.0%+)","Some College"
"North Carolina",2018,"South",13.810531056591,32.3537609166383,0.220002515362614,2.9,2.5,3.42,0.26,1.44,36.37,91.18,14.75,"Low (<1.0%)","Some College"
"North Carolina",2019,"South",13.810531056591,32.3537609166383,0.220002515362614,2.3,2,1.77,3.01,-1.03,37.94,91.71,14.78,"High (3.0%+)","Some College"
"North Carolina",2020,"South",13.810531056591,32.3537609166383,0.220002515362614,-2.8,-1.5,-1.38,-1.09,-1.08,35.69,89.56,14.2,"Low (<1.0%)","Some College"
"North Carolina",2021,"South",13.810531056591,32.3537609166383,0.220002515362614,5.9,4.2,4.39,4.23,2.79,41.93,92.82,15.55,"High (3.0%+)","Bachelor's+"
"North Carolina",2022,"South",13.810531056591,32.3537609166383,0.220002515362614,2.1,1.8,3.19,1.07,3.11,39.43,92.08,14.89,"Moderate (1.0-3.0%)","Bachelor's+"
"North Carolina",2023,"South",13.810531056591,32.3537609166383,0.220002515362614,2.5,2.2,1.5,1.89,2.03,41.95,92.43,15.02,"Moderate (1.0-3.0%)","Bachelor's+"
"North Carolina",2024,"South",13.810531056591,32.3537609166383,0.220002515362614,2.8,2.4,1.13,4.57,0.05,39.53,90.83,15.16,"High (3.0%+)","Bachelor's+"
"North Dakota",2004,"Midwest",13.3173220873778,31.5164138498436,0.264915585735199,3.8,2.4,3.29,2.28,1.6,35.26,86.65,13.76,"Moderate (1.0-3.0%)","Some College"
"North Dakota",2005,"Midwest",13.3173220873778,31.5164138498436,0.264915585735199,3.5,2.1,3.57,1.64,2.12,34.9,88.45,13.66,"Moderate (1.0-3.0%)","Some College"
"North Dakota",2006,"Midwest",13.3173220873778,31.5164138498436,0.264915585735199,2.9,2.8,1.06,1.75,3.4,33.93,89.33,13.87,"Moderate (1.0-3.0%)","Some College"
"North Dakota",2007,"Midwest",13.3173220873778,31.5164138498436,0.264915585735199,1.9,1.5,0.75,0.91,2.6,35.01,87.21,13.8,"Low (<1.0%)","Some College"
"North Dakota",2008,"Midwest",13.3173220873778,31.5164138498436,0.264915585735199,-0.1,-0.8,-1.97,-0.9,0.42,30.65,87.01,13.37,"Low (<1.0%)","Some College"
"North Dakota",2009,"Midwest",13.3173220873778,31.5164138498436,0.264915585735199,-2.5,-1.9,-0.97,-3.53,-0.23,31.04,88.08,13.13,"Low (<1.0%)","Some College"
"North Dakota",2010,"Midwest",13.3173220873778,31.5164138498436,0.264915585735199,2.6,1.2,3.69,2.57,2.91,37.11,89.01,14.25,"Moderate (1.0-3.0%)","Some College"
"North Dakota",2011,"Midwest",13.3173220873778,31.5164138498436,0.264915585735199,1.6,1.1,0.05,1.22,-0.12,33.97,88.06,13.71,"Moderate (1.0-3.0%)","Some College"
"North Dakota",2012,"Midwest",13.3173220873778,31.5164138498436,0.264915585735199,2.2,1.8,3.04,3.56,2.11,37.19,90.03,14.25,"High (3.0%+)","Some College"
"North Dakota",2013,"Midwest",13.3173220873778,31.5164138498436,0.264915585735199,1.8,1.6,1.42,2.79,2.06,36.79,87.38,14.24,"Moderate (1.0-3.0%)","Some College"
"North Dakota",2014,"Midwest",13.3173220873778,31.5164138498436,0.264915585735199,2.5,2.1,0.83,3.8,3.72,38.95,90.25,14.39,"High (3.0%+)","Bachelor's+"
"North Dakota",2015,"Midwest",13.3173220873778,31.5164138498436,0.264915585735199,2.7,2.3,3.33,0.7,4.07,35.62,90.03,14.51,"Low (<1.0%)","Some College"
"North Dakota",2016,"Midwest",13.3173220873778,31.5164138498436,0.264915585735199,1.7,1.4,1.22,2.1,2.61,36.45,90.27,14.19,"Moderate (1.0-3.0%)","Some College"
"North Dakota",2017,"Midwest",13.3173220873778,31.5164138498436,0.264915585735199,2.2,1.9,3.52,1.47,2.8,38.96,90.82,14.21,"Moderate (1.0-3.0%)","Bachelor's+"
"North Dakota",2018,"Midwest",13.3173220873778,31.5164138498436,0.264915585735199,2.9,2.5,2.61,2.44,2.2,37.54,90.95,14.34,"Moderate (1.0-3.0%)","Some College"
"North Dakota",2019,"Midwest",13.3173220873778,31.5164138498436,0.264915585735199,2.3,2,4.08,1.28,3.95,40.92,92.75,14.56,"Moderate (1.0-3.0%)","Bachelor's+"
"North Dakota",2020,"Midwest",13.3173220873778,31.5164138498436,0.264915585735199,-2.8,-1.5,-3.56,-1.24,-0.74,31.83,89.7,13.66,"Low (<1.0%)","Some College"
"North Dakota",2021,"Midwest",13.3173220873778,31.5164138498436,0.264915585735199,5.9,4.2,6.23,4.31,3.44,41.96,92.6,15.01,"High (3.0%+)","Bachelor's+"
"North Dakota",2022,"Midwest",13.3173220873778,31.5164138498436,0.264915585735199,2.1,1.8,2.66,-0.74,4.28,38.44,92.65,14.42,"Low (<1.0%)","Bachelor's+"
"North Dakota",2023,"Midwest",13.3173220873778,31.5164138498436,0.264915585735199,2.5,2.2,2.92,3.22,1.9,40.39,93.15,14.71,"High (3.0%+)","Bachelor's+"
"North Dakota",2024,"Midwest",13.3173220873778,31.5164138498436,0.264915585735199,2.8,2.4,3.1,2.59,1.1,40.03,93.02,14.73,"Moderate (1.0-3.0%)","Bachelor's+"
"Ohio",2004,"Midwest",13.6514865369894,27.2226844193579,0.277594229719048,3.8,2.4,3.78,1.23,3.14,31.48,86.41,14.41,"Moderate (1.0-3.0%)","Some College"
"Ohio",2005,"Midwest",13.6514865369894,27.2226844193579,0.277594229719048,3.5,2.1,3.36,0.78,3.36,31.55,85.43,14.31,"Low (<1.0%)","Some College"
"Ohio",2006,"Midwest",13.6514865369894,27.2226844193579,0.277594229719048,2.9,2.8,4.95,1.97,5.53,31.32,89.21,14.6,"Moderate (1.0-3.0%)","Some College"
"Ohio",2007,"Midwest",13.6514865369894,27.2226844193579,0.277594229719048,1.9,1.5,3.26,-0.4,1.89,31.16,87.74,14.09,"Low (<1.0%)","Some College"
"Ohio",2008,"Midwest",13.6514865369894,27.2226844193579,0.277594229719048,-0.1,-0.8,-1.01,-0.63,1.07,29.51,87.41,13.62,"Low (<1.0%)","High School or Less"
"Ohio",2009,"Midwest",13.6514865369894,27.2226844193579,0.277594229719048,-2.5,-1.9,-0.41,-0.1,3.37,28.8,88.22,14.08,"Low (<1.0%)","High School or Less"
"Ohio",2010,"Midwest",13.6514865369894,27.2226844193579,0.277594229719048,2.6,1.2,2.82,1.43,2.52,29.83,88.52,14.18,"Moderate (1.0-3.0%)","High School or Less"
"Ohio",2011,"Midwest",13.6514865369894,27.2226844193579,0.277594229719048,1.6,1.1,0.64,1.73,2.56,29.64,88.93,14.22,"Moderate (1.0-3.0%)","High School or Less"
"Ohio",2012,"Midwest",13.6514865369894,27.2226844193579,0.277594229719048,2.2,1.8,2.45,0.02,3.3,29.58,89.97,14.56,"Low (<1.0%)","High School or Less"
"Ohio",2013,"Midwest",13.6514865369894,27.2226844193579,0.277594229719048,1.8,1.6,1.56,-0.25,4.01,32.23,90.48,14.25,"Low (<1.0%)","Some College"
"Ohio",2014,"Midwest",13.6514865369894,27.2226844193579,0.277594229719048,2.5,2.1,2.65,1.02,3.9,34.18,90.32,14.6,"Moderate (1.0-3.0%)","Some College"
"Ohio",2015,"Midwest",13.6514865369894,27.2226844193579,0.277594229719048,2.7,2.3,1.24,3.17,2.32,35.59,89.15,14.67,"High (3.0%+)","Some College"
"Ohio",2016,"Midwest",13.6514865369894,27.2226844193579,0.277594229719048,1.7,1.4,0.47,0.34,0.59,31.61,89.44,14.17,"Low (<1.0%)","Some College"
"Ohio",2017,"Midwest",13.6514865369894,27.2226844193579,0.277594229719048,2.2,1.9,4.24,2.57,3.18,36.79,90.35,14.79,"Moderate (1.0-3.0%)","Some College"
"Ohio",2018,"Midwest",13.6514865369894,27.2226844193579,0.277594229719048,2.9,2.5,4.34,2.24,4.19,35.53,91.95,15.04,"Moderate (1.0-3.0%)","Some College"
"Ohio",2019,"Midwest",13.6514865369894,27.2226844193579,0.277594229719048,2.3,2,0.97,2.46,3.82,33.76,90.06,14.98,"Moderate (1.0-3.0%)","Some College"
"Ohio",2020,"Midwest",13.6514865369894,27.2226844193579,0.277594229719048,-2.8,-1.5,-4.15,-2.75,1.55,28.95,91.44,13.87,"Low (<1.0%)","High School or Less"
"Ohio",2021,"Midwest",13.6514865369894,27.2226844193579,0.277594229719048,5.9,4.2,8.48,3.06,2.72,39.24,91.92,15.22,"High (3.0%+)","Bachelor's+"
"Ohio",2022,"Midwest",13.6514865369894,27.2226844193579,0.277594229719048,2.1,1.8,4.96,1.68,3.64,34.51,92.91,15.05,"Moderate (1.0-3.0%)","Some College"
"Ohio",2023,"Midwest",13.6514865369894,27.2226844193579,0.277594229719048,2.5,2.2,1.33,1.95,1.04,35.9,93.48,14.48,"Moderate (1.0-3.0%)","Some College"
"Ohio",2024,"Midwest",13.6514865369894,27.2226844193579,0.277594229719048,2.8,2.4,0.85,0.25,1.68,33.26,91.28,14.53,"Low (<1.0%)","Some College"
"Oklahoma",2004,"South",12.984897396278,34.4479875921615,0.176115449263767,3.8,2.4,7.74,3.04,3,40.97,87.86,14.08,"High (3.0%+)","Bachelor's+"
"Oklahoma",2005,"South",12.984897396278,34.4479875921615,0.176115449263767,3.5,2.1,3.84,-0.24,5.2,37.06,86.63,13.36,"Low (<1.0%)","Some College"
"Oklahoma",2006,"South",12.984897396278,34.4479875921615,0.176115449263767,2.9,2.8,3.18,2.3,2.73,39.58,86.69,13.65,"Moderate (1.0-3.0%)","Bachelor's+"
"Oklahoma",2007,"South",12.984897396278,34.4479875921615,0.176115449263767,1.9,1.5,2.01,1.57,4.84,38.39,87.47,13.9,"Moderate (1.0-3.0%)","Bachelor's+"
"Oklahoma",2008,"South",12.984897396278,34.4479875921615,0.176115449263767,-0.1,-0.8,2.01,-1.64,0.51,33.49,86.46,13.02,"Low (<1.0%)","Some College"
"Oklahoma",2009,"South",12.984897396278,34.4479875921615,0.176115449263767,-2.5,-1.9,-2.79,-3.58,0.22,32.18,87.05,12.6,"Low (<1.0%)","Some College"
"Oklahoma",2010,"South",12.984897396278,34.4479875921615,0.176115449263767,2.6,1.2,4.79,0.72,4.39,37.91,90.93,13.83,"Low (<1.0%)","Some College"
"Oklahoma",2011,"South",12.984897396278,34.4479875921615,0.176115449263767,1.6,1.1,1.27,0.97,1.74,37.35,87.94,13.67,"Low (<1.0%)","Some College"
"Oklahoma",2012,"South",12.984897396278,34.4479875921615,0.176115449263767,2.2,1.8,2.96,0.69,5.27,39.77,89.13,13.79,"Low (<1.0%)","Bachelor's+"
"Oklahoma",2013,"South",12.984897396278,34.4479875921615,0.176115449263767,1.8,1.6,0.25,-0.03,1.29,39.88,89.78,13.31,"Low (<1.0%)","Bachelor's+"
"Oklahoma",2014,"South",12.984897396278,34.4479875921615,0.176115449263767,2.5,2.1,2.76,0.67,0.24,38.6,88.36,13.61,"Low (<1.0%)","Bachelor's+"
"Oklahoma",2015,"South",12.984897396278,34.4479875921615,0.176115449263767,2.7,2.3,4.5,1.67,3.24,39.26,91.13,13.99,"Moderate (1.0-3.0%)","Bachelor's+"
"Oklahoma",2016,"South",12.984897396278,34.4479875921615,0.176115449263767,1.7,1.4,1.45,0.86,1.96,39.01,90.73,13.79,"Low (<1.0%)","Bachelor's+"
"Oklahoma",2017,"South",12.984897396278,34.4479875921615,0.176115449263767,2.2,1.9,4.12,3.6,3.07,42.04,92.93,14.27,"High (3.0%+)","Bachelor's+"
"Oklahoma",2018,"South",12.984897396278,34.4479875921615,0.176115449263767,2.9,2.5,6.99,0.96,3.11,42.19,92.66,14.23,"Low (<1.0%)","Bachelor's+"
"Oklahoma",2019,"South",12.984897396278,34.4479875921615,0.176115449263767,2.3,2,3.71,2.46,2.29,39.34,90.92,14.04,"Moderate (1.0-3.0%)","Bachelor's+"
"Oklahoma",2020,"South",12.984897396278,34.4479875921615,0.176115449263767,-2.8,-1.5,-3.17,-2,0.1,36.6,90.78,13.44,"Low (<1.0%)","Some College"
"Oklahoma",2021,"South",12.984897396278,34.4479875921615,0.176115449263767,5.9,4.2,6.04,4.31,3.32,44.96,91.64,14.54,"High (3.0%+)","Bachelor's+"
"Oklahoma",2022,"South",12.984897396278,34.4479875921615,0.176115449263767,2.1,1.8,1.45,1,1.06,38.89,92.05,13.73,"Moderate (1.0-3.0%)","Bachelor's+"
"Oklahoma",2023,"South",12.984897396278,34.4479875921615,0.176115449263767,2.5,2.2,5.77,3.16,5.07,42.04,93.85,14.63,"High (3.0%+)","Bachelor's+"
"Oklahoma",2024,"South",12.984897396278,34.4479875921615,0.176115449263767,2.8,2.4,-1.64,0.36,0.45,38.12,89.43,13.61,"Low (<1.0%)","Bachelor's+"
"Oregon",2004,"West",13.2646622974862,31.1314406170139,0.215307217589993,3.8,2.4,3.92,2.58,4.71,34.78,87.87,14.18,"Moderate (1.0-3.0%)","Some College"
"Oregon",2005,"West",13.2646622974862,31.1314406170139,0.215307217589993,3.5,2.1,3.67,2.13,1.36,33.51,87.79,13.81,"Moderate (1.0-3.0%)","Some College"
"Oregon",2006,"West",13.2646622974862,31.1314406170139,0.215307217589993,2.9,2.8,3.22,4.07,3.98,37.9,88.17,14.06,"High (3.0%+)","Some College"
"Oregon",2007,"West",13.2646622974862,31.1314406170139,0.215307217589993,1.9,1.5,-0.44,1.23,1.14,33.72,88.19,13.57,"Moderate (1.0-3.0%)","Some College"
"Oregon",2008,"West",13.2646622974862,31.1314406170139,0.215307217589993,-0.1,-0.8,0.22,-0.2,2.22,32.4,87.26,13.59,"Low (<1.0%)","Some College"
"Oregon",2009,"West",13.2646622974862,31.1314406170139,0.215307217589993,-2.5,-1.9,-2.22,-1.42,2.25,29.21,86.19,13.43,"Low (<1.0%)","High School or Less"
"Oregon",2010,"West",13.2646622974862,31.1314406170139,0.215307217589993,2.6,1.2,4.49,0.42,2.25,32.79,89.03,13.89,"Low (<1.0%)","Some College"
"Oregon",2011,"West",13.2646622974862,31.1314406170139,0.215307217589993,1.6,1.1,2.39,1,3,33.88,89.3,13.81,"Moderate (1.0-3.0%)","Some College"
"Oregon",2012,"West",13.2646622974862,31.1314406170139,0.215307217589993,2.2,1.8,3.87,1.64,3.11,36.07,87.94,14.28,"Moderate (1.0-3.0%)","Some College"
"Oregon",2013,"West",13.2646622974862,31.1314406170139,0.215307217589993,1.8,1.6,0.36,2.94,0.77,34.28,88.46,13.98,"Moderate (1.0-3.0%)","Some College"
"Oregon",2014,"West",13.2646622974862,31.1314406170139,0.215307217589993,2.5,2.1,2.31,2.39,3.39,37.62,90.57,14.19,"Moderate (1.0-3.0%)","Some College"
"Oregon",2015,"West",13.2646622974862,31.1314406170139,0.215307217589993,2.7,2.3,2.99,2.65,0.13,35.64,89.78,14.2,"Moderate (1.0-3.0%)","Some College"
"Oregon",2016,"West",13.2646622974862,31.1314406170139,0.215307217589993,1.7,1.4,2.11,4.21,4.49,39.76,91.26,14.52,"High (3.0%+)","Bachelor's+"
"Oregon",2017,"West",13.2646622974862,31.1314406170139,0.215307217589993,2.2,1.9,1.16,2.4,3.78,38.96,91.92,14.24,"Moderate (1.0-3.0%)","Bachelor's+"
"Oregon",2018,"West",13.2646622974862,31.1314406170139,0.215307217589993,2.9,2.5,5.12,2.93,3.29,39.14,90.4,14.55,"Moderate (1.0-3.0%)","Bachelor's+"
"Oregon",2019,"West",13.2646622974862,31.1314406170139,0.215307217589993,2.3,2,1.38,2.64,1.9,35.83,92.06,14.29,"Moderate (1.0-3.0%)","Some College"
"Oregon",2020,"West",13.2646622974862,31.1314406170139,0.215307217589993,-2.8,-1.5,-5.22,0.36,0.85,31.38,89.92,13.6,"Low (<1.0%)","Some College"
"Oregon",2021,"West",13.2646622974862,31.1314406170139,0.215307217589993,5.9,4.2,6.5,5.35,3.37,43.45,94.17,15.08,"High (3.0%+)","Bachelor's+"
"Oregon",2022,"West",13.2646622974862,31.1314406170139,0.215307217589993,2.1,1.8,3.1,2.21,2.7,37.05,92.89,14.67,"Moderate (1.0-3.0%)","Some College"
"Oregon",2023,"West",13.2646622974862,31.1314406170139,0.215307217589993,2.5,2.2,3.92,1.47,3.45,41.24,93.06,14.5,"Moderate (1.0-3.0%)","Bachelor's+"
"Oregon",2024,"West",13.2646622974862,31.1314406170139,0.215307217589993,2.8,2.4,1.38,2.83,2.3,39.15,93.93,14.68,"Moderate (1.0-3.0%)","Bachelor's+"
"Pennsylvania",2004,"Northeast",13.244727721747,31.2689731746723,0.268059936036788,3.8,2.4,3.43,2.57,5.08,37.66,87.71,14.05,"Moderate (1.0-3.0%)","Some College"
"Pennsylvania",2005,"Northeast",13.244727721747,31.2689731746723,0.268059936036788,3.5,2.1,1.51,-0.1,2.05,32.09,85.47,13.38,"Low (<1.0%)","Some College"
"Pennsylvania",2006,"Northeast",13.244727721747,31.2689731746723,0.268059936036788,2.9,2.8,4.17,0.95,2.2,34.41,88.08,13.77,"Low (<1.0%)","Some College"
"Pennsylvania",2007,"Northeast",13.244727721747,31.2689731746723,0.268059936036788,1.9,1.5,2.42,-0.65,1.37,33.82,86.17,13.67,"Low (<1.0%)","Some College"
"Pennsylvania",2008,"Northeast",13.244727721747,31.2689731746723,0.268059936036788,-0.1,-0.8,1.27,0.9,1.7,33.95,88.9,13.83,"Low (<1.0%)","Some College"
"Pennsylvania",2009,"Northeast",13.244727721747,31.2689731746723,0.268059936036788,-2.5,-1.9,-1.59,-1.16,0.35,31.99,85.92,13.28,"Low (<1.0%)","Some College"
"Pennsylvania",2010,"Northeast",13.244727721747,31.2689731746723,0.268059936036788,2.6,1.2,1.69,-1.62,3.64,33.82,89.79,13.62,"Low (<1.0%)","Some College"
"Pennsylvania",2011,"Northeast",13.244727721747,31.2689731746723,0.268059936036788,1.6,1.1,1.87,1.66,2.86,35.99,88.42,13.74,"Moderate (1.0-3.0%)","Some College"
"Pennsylvania",2012,"Northeast",13.244727721747,31.2689731746723,0.268059936036788,2.2,1.8,-0.66,1.88,1.68,37.12,88.13,13.57,"Moderate (1.0-3.0%)","Some College"
"Pennsylvania",2013,"Northeast",13.244727721747,31.2689731746723,0.268059936036788,1.8,1.6,2.55,1.29,2.8,37.38,90.91,14.12,"Moderate (1.0-3.0%)","Some College"
"Pennsylvania",2014,"Northeast",13.244727721747,31.2689731746723,0.268059936036788,2.5,2.1,3.95,1.21,2.1,34.56,90.59,14.16,"Moderate (1.0-3.0%)","Some College"
"Pennsylvania",2015,"Northeast",13.244727721747,31.2689731746723,0.268059936036788,2.7,2.3,1.39,0.78,5.24,38.31,89.38,14.25,"Low (<1.0%)","Bachelor's+"
"Pennsylvania",2016,"Northeast",13.244727721747,31.2689731746723,0.268059936036788,1.7,1.4,-1.5,2.44,2.52,35.59,89.35,14.18,"Moderate (1.0-3.0%)","Some College"
"Pennsylvania",2017,"Northeast",13.244727721747,31.2689731746723,0.268059936036788,2.2,1.9,-0.08,1.21,2.92,36.72,89.94,14.17,"Moderate (1.0-3.0%)","Some College"
"Pennsylvania",2018,"Northeast",13.244727721747,31.2689731746723,0.268059936036788,2.9,2.5,1.23,2.34,2.57,39.75,90.03,14.2,"Moderate (1.0-3.0%)","Bachelor's+"
"Pennsylvania",2019,"Northeast",13.244727721747,31.2689731746723,0.268059936036788,2.3,2,4.16,2.7,3.44,42.32,92.44,14.68,"Moderate (1.0-3.0%)","Bachelor's+"
"Pennsylvania",2020,"Northeast",13.244727721747,31.2689731746723,0.268059936036788,-2.8,-1.5,-2.79,-0.86,1.98,32.16,92.29,13.67,"Low (<1.0%)","Some College"
"Pennsylvania",2021,"Northeast",13.244727721747,31.2689731746723,0.268059936036788,5.9,4.2,4.04,3.73,3.73,39.73,91.64,14.84,"High (3.0%+)","Bachelor's+"
"Pennsylvania",2022,"Northeast",13.244727721747,31.2689731746723,0.268059936036788,2.1,1.8,2.93,1.15,3.82,40.21,92.37,14.65,"Moderate (1.0-3.0%)","Bachelor's+"
"Pennsylvania",2023,"Northeast",13.244727721747,31.2689731746723,0.268059936036788,2.5,2.2,-0.77,2.51,1.24,37.37,93.52,14.27,"Moderate (1.0-3.0%)","Some College"
"Pennsylvania",2024,"Northeast",13.244727721747,31.2689731746723,0.268059936036788,2.8,2.4,2.43,0.99,4.25,39.5,93.23,14.63,"Low (<1.0%)","Bachelor's+"
"Rhode Island",2004,"Northeast",12.775737705016,35.7333853142846,0.201210816777348,3.8,2.4,5.47,2.77,1.87,42.22,87.47,13.38,"Moderate (1.0-3.0%)","Bachelor's+"
"Rhode Island",2005,"Northeast",12.775737705016,35.7333853142846,0.201210816777348,3.5,2.1,2.99,2.31,5.09,40.26,88.04,13.51,"Moderate (1.0-3.0%)","Bachelor's+"
"Rhode Island",2006,"Northeast",12.775737705016,35.7333853142846,0.201210816777348,2.9,2.8,4.86,3.1,3.36,40.28,87.11,13.55,"High (3.0%+)","Bachelor's+"
"Rhode Island",2007,"Northeast",12.775737705016,35.7333853142846,0.201210816777348,1.9,1.5,4.59,1.17,3.63,40.25,88.6,13.52,"Moderate (1.0-3.0%)","Bachelor's+"
"Rhode Island",2008,"Northeast",12.775737705016,35.7333853142846,0.201210816777348,-0.1,-0.8,-1.85,-2.87,1.38,35.32,86.07,12.55,"Low (<1.0%)","Some College"
"Rhode Island",2009,"Northeast",12.775737705016,35.7333853142846,0.201210816777348,-2.5,-1.9,-4.23,-4.31,-0.28,32.21,85.29,12.23,"Low (<1.0%)","Some College"
"Rhode Island",2010,"Northeast",12.775737705016,35.7333853142846,0.201210816777348,2.6,1.2,1.23,-0.35,1.81,38.9,88.53,13.1,"Low (<1.0%)","Bachelor's+"
"Rhode Island",2011,"Northeast",12.775737705016,35.7333853142846,0.201210816777348,1.6,1.1,2.39,1.54,4.54,38.91,88.87,13.57,"Moderate (1.0-3.0%)","Bachelor's+"
"Rhode Island",2012,"Northeast",12.775737705016,35.7333853142846,0.201210816777348,2.2,1.8,3.45,1.62,5.52,42.3,90.61,13.68,"Moderate (1.0-3.0%)","Bachelor's+"
"Rhode Island",2013,"Northeast",12.775737705016,35.7333853142846,0.201210816777348,1.8,1.6,3.61,0.72,1.81,41.19,90.14,13.46,"Low (<1.0%)","Bachelor's+"
"Rhode Island",2014,"Northeast",12.775737705016,35.7333853142846,0.201210816777348,2.5,2.1,4.45,1.16,3.76,43.66,90.96,13.75,"Moderate (1.0-3.0%)","Bachelor's+"
"Rhode Island",2015,"Northeast",12.775737705016,35.7333853142846,0.201210816777348,2.7,2.3,4.31,2.96,2.65,39.59,90.79,14.06,"Moderate (1.0-3.0%)","Bachelor's+"
"Rhode Island",2016,"Northeast",12.775737705016,35.7333853142846,0.201210816777348,1.7,1.4,3.11,-0.53,3.04,39.48,91.16,13.73,"Low (<1.0%)","Bachelor's+"
"Rhode Island",2017,"Northeast",12.775737705016,35.7333853142846,0.201210816777348,2.2,1.9,2.45,2.8,3.15,43.5,89.99,13.89,"Moderate (1.0-3.0%)","Bachelor's+"
"Rhode Island",2018,"Northeast",12.775737705016,35.7333853142846,0.201210816777348,2.9,2.5,1.57,3.04,1.85,42.6,89.66,13.9,"High (3.0%+)","Bachelor's+"
"Rhode Island",2019,"Northeast",12.775737705016,35.7333853142846,0.201210816777348,2.3,2,1.21,0.96,2.71,41.43,90.41,13.83,"Low (<1.0%)","Bachelor's+"
"Rhode Island",2020,"Northeast",12.775737705016,35.7333853142846,0.201210816777348,-2.8,-1.5,-2.19,-1.62,3.34,36.32,91.51,13.21,"Low (<1.0%)","Some College"
"Rhode Island",2021,"Northeast",12.775737705016,35.7333853142846,0.201210816777348,5.9,4.2,8.43,5.27,3.23,47.28,93.48,14.65,"High (3.0%+)","Bachelor's+"
"Rhode Island",2022,"Northeast",12.775737705016,35.7333853142846,0.201210816777348,2.1,1.8,4.66,3.42,2.92,42.25,92.66,14.34,"High (3.0%+)","Bachelor's+"
"Rhode Island",2023,"Northeast",12.775737705016,35.7333853142846,0.201210816777348,2.5,2.2,-0.39,3.99,2.24,42.89,91.49,14.09,"High (3.0%+)","Bachelor's+"
"Rhode Island",2024,"Northeast",12.775737705016,35.7333853142846,0.201210816777348,2.8,2.4,1.55,2.85,2.91,42.28,92.65,14.08,"Moderate (1.0-3.0%)","Bachelor's+"
"South Carolina",2004,"South",13.5108367820677,35.287092442033,0.21790122060244,3.8,2.4,5.93,2.14,3.86,39.16,88.67,14.34,"Moderate (1.0-3.0%)","Bachelor's+"
"South Carolina",2005,"South",13.5108367820677,35.287092442033,0.21790122060244,3.5,2.1,1.9,2.65,2.99,39.48,87.38,14.1,"Moderate (1.0-3.0%)","Bachelor's+"
"South Carolina",2006,"South",13.5108367820677,35.287092442033,0.21790122060244,2.9,2.8,0.48,2.49,1.95,40.53,87.85,13.91,"Moderate (1.0-3.0%)","Bachelor's+"
"South Carolina",2007,"South",13.5108367820677,35.287092442033,0.21790122060244,1.9,1.5,2.8,0.3,3.07,36.72,89.16,13.74,"Low (<1.0%)","Some College"
"South Carolina",2008,"South",13.5108367820677,35.287092442033,0.21790122060244,-0.1,-0.8,2.5,0.21,2.67,37.44,89.14,14.08,"Low (<1.0%)","Some College"
"South Carolina",2009,"South",13.5108367820677,35.287092442033,0.21790122060244,-2.5,-1.9,0.4,-1.07,3.22,36.91,88.29,13.9,"Low (<1.0%)","Some College"
"South Carolina",2010,"South",13.5108367820677,35.287092442033,0.21790122060244,2.6,1.2,3.4,2.71,3.87,40.59,90.44,14.54,"Moderate (1.0-3.0%)","Bachelor's+"
"South Carolina",2011,"South",13.5108367820677,35.287092442033,0.21790122060244,1.6,1.1,2.68,3.1,2.78,39.89,89.31,14.39,"High (3.0%+)","Bachelor's+"
"South Carolina",2012,"South",13.5108367820677,35.287092442033,0.21790122060244,2.2,1.8,3.04,3.57,4.49,43.25,90.07,14.82,"High (3.0%+)","Bachelor's+"
"South Carolina",2013,"South",13.5108367820677,35.287092442033,0.21790122060244,1.8,1.6,1.77,2.55,2.74,39.59,89.61,14.48,"Moderate (1.0-3.0%)","Bachelor's+"
"South Carolina",2014,"South",13.5108367820677,35.287092442033,0.21790122060244,2.5,2.1,-2.56,2.06,1.93,38.23,89.13,14.2,"Moderate (1.0-3.0%)","Bachelor's+"
"South Carolina",2015,"South",13.5108367820677,35.287092442033,0.21790122060244,2.7,2.3,3.84,2.19,3.43,43.38,90.22,14.6,"Moderate (1.0-3.0%)","Bachelor's+"
"South Carolina",2016,"South",13.5108367820677,35.287092442033,0.21790122060244,1.7,1.4,1.11,0.9,1.6,40.06,89.32,13.88,"Low (<1.0%)","Bachelor's+"
"South Carolina",2017,"South",13.5108367820677,35.287092442033,0.21790122060244,2.2,1.9,3.71,0.96,3.99,40.08,92.67,14.7,"Low (<1.0%)","Bachelor's+"
"South Carolina",2018,"South",13.5108367820677,35.287092442033,0.21790122060244,2.9,2.5,1.96,2.03,0.37,42.26,89.4,14.33,"Moderate (1.0-3.0%)","Bachelor's+"
"South Carolina",2019,"South",13.5108367820677,35.287092442033,0.21790122060244,2.3,2,-0.15,2.74,0.79,41.23,91.35,14.29,"Moderate (1.0-3.0%)","Bachelor's+"
"South Carolina",2020,"South",13.5108367820677,35.287092442033,0.21790122060244,-2.8,-1.5,-0.93,-1.04,2.47,38.93,89.45,14.08,"Low (<1.0%)","Bachelor's+"
"South Carolina",2021,"South",13.5108367820677,35.287092442033,0.21790122060244,5.9,4.2,6.17,2.75,5.34,45.54,94.82,15.36,"Moderate (1.0-3.0%)","Bachelor's+"
"South Carolina",2022,"South",13.5108367820677,35.287092442033,0.21790122060244,2.1,1.8,7.34,3.24,2.39,44.54,93.31,14.88,"High (3.0%+)","Bachelor's+"
"South Carolina",2023,"South",13.5108367820677,35.287092442033,0.21790122060244,2.5,2.2,3.87,3.75,4.58,44.45,95.14,15.06,"High (3.0%+)","Bachelor's+"
"South Carolina",2024,"South",13.5108367820677,35.287092442033,0.21790122060244,2.8,2.4,4.37,4.18,1.71,43.87,93.31,15.24,"High (3.0%+)","Bachelor's+"
"South Dakota",2004,"Midwest",13.5617995800601,37.5684655037371,0.216555708070516,3.8,2.4,4.95,0.93,2.77,39.84,87.3,14.07,"Low (<1.0%)","Bachelor's+"
"South Dakota",2005,"Midwest",13.5617995800601,37.5684655037371,0.216555708070516,3.5,2.1,2.59,1.6,1.18,41.1,87.86,14.13,"Moderate (1.0-3.0%)","Bachelor's+"
"South Dakota",2006,"Midwest",13.5617995800601,37.5684655037371,0.216555708070516,2.9,2.8,2.34,2.31,2.48,39.92,87.85,14.3,"Moderate (1.0-3.0%)","Bachelor's+"
"South Dakota",2007,"Midwest",13.5617995800601,37.5684655037371,0.216555708070516,1.9,1.5,3.49,0.96,3.11,42.16,88.9,14.41,"Low (<1.0%)","Bachelor's+"
"South Dakota",2008,"Midwest",13.5617995800601,37.5684655037371,0.216555708070516,-0.1,-0.8,1.48,-1.48,2.94,38.29,88.28,13.94,"Low (<1.0%)","Bachelor's+"
"South Dakota",2009,"Midwest",13.5617995800601,37.5684655037371,0.216555708070516,-2.5,-1.9,-1.63,-2.57,1,37.69,88.3,13.26,"Low (<1.0%)","Some College"
"South Dakota",2010,"Midwest",13.5617995800601,37.5684655037371,0.216555708070516,2.6,1.2,1.12,0.04,2.31,41.56,89.19,13.77,"Low (<1.0%)","Bachelor's+"
"South Dakota",2011,"Midwest",13.5617995800601,37.5684655037371,0.216555708070516,1.6,1.1,4.13,0.42,3.6,42.68,89.39,14.08,"Low (<1.0%)","Bachelor's+"
"South Dakota",2012,"Midwest",13.5617995800601,37.5684655037371,0.216555708070516,2.2,1.8,0.15,1.4,0.88,41.1,88.64,13.93,"Moderate (1.0-3.0%)","Bachelor's+"
"South Dakota",2013,"Midwest",13.5617995800601,37.5684655037371,0.216555708070516,1.8,1.6,1.15,1.83,1.5,42.16,90.42,13.99,"Moderate (1.0-3.0%)","Bachelor's+"
"South Dakota",2014,"Midwest",13.5617995800601,37.5684655037371,0.216555708070516,2.5,2.1,5.99,2.83,5.45,44.76,91.54,14.88,"Moderate (1.0-3.0%)","Bachelor's+"
"South Dakota",2015,"Midwest",13.5617995800601,37.5684655037371,0.216555708070516,2.7,2.3,3.49,3.45,-0.5,44.53,90.85,14.38,"High (3.0%+)","Bachelor's+"
"South Dakota",2016,"Midwest",13.5617995800601,37.5684655037371,0.216555708070516,1.7,1.4,3.16,0.44,4.1,44.45,91.86,14.28,"Low (<1.0%)","Bachelor's+"
"South Dakota",2017,"Midwest",13.5617995800601,37.5684655037371,0.216555708070516,2.2,1.9,2.77,1.95,4.1,43.45,91.35,14.52,"Moderate (1.0-3.0%)","Bachelor's+"
"South Dakota",2018,"Midwest",13.5617995800601,37.5684655037371,0.216555708070516,2.9,2.5,1.41,5.3,4.04,45.1,91.74,14.87,"High (3.0%+)","Bachelor's+"
"South Dakota",2019,"Midwest",13.5617995800601,37.5684655037371,0.216555708070516,2.3,2,1.4,1.45,1.94,43.6,90.5,14.47,"Moderate (1.0-3.0%)","Bachelor's+"
"South Dakota",2020,"Midwest",13.5617995800601,37.5684655037371,0.216555708070516,-2.8,-1.5,-2.55,-0.61,2.24,39.08,90.25,13.95,"Low (<1.0%)","Bachelor's+"
"South Dakota",2021,"Midwest",13.5617995800601,37.5684655037371,0.216555708070516,5.9,4.2,1.51,3.36,2.71,45.41,93.23,14.98,"High (3.0%+)","Bachelor's+"
"South Dakota",2022,"Midwest",13.5617995800601,37.5684655037371,0.216555708070516,2.1,1.8,0.83,3.08,1.48,45.2,91.75,14.69,"High (3.0%+)","Bachelor's+"
"South Dakota",2023,"Midwest",13.5617995800601,37.5684655037371,0.216555708070516,2.5,2.2,3.7,2.85,3.77,46.39,94,15.15,"Moderate (1.0-3.0%)","Bachelor's+"
"South Dakota",2024,"Midwest",13.5617995800601,37.5684655037371,0.216555708070516,2.8,2.4,2.35,1.3,3.15,44.89,92.48,14.89,"Moderate (1.0-3.0%)","Bachelor's+"
"Tennessee",2004,"South",13.3916828104354,30.0953043077813,0.184492839283743,3.8,2.4,3.37,3.63,2.54,34.16,85.45,14.2,"High (3.0%+)","Some College"
"Tennessee",2005,"South",13.3916828104354,30.0953043077813,0.184492839283743,3.5,2.1,4.8,3.45,2.89,35.47,87.34,14.22,"High (3.0%+)","Some College"
"Tennessee",2006,"South",13.3916828104354,30.0953043077813,0.184492839283743,2.9,2.8,2.08,3.86,2.3,34.15,87.35,14.1,"High (3.0%+)","Some College"
"Tennessee",2007,"South",13.3916828104354,30.0953043077813,0.184492839283743,1.9,1.5,2.84,-1.82,3.45,35.16,87.27,13.57,"Low (<1.0%)","Some College"
"Tennessee",2008,"South",13.3916828104354,30.0953043077813,0.184492839283743,-0.1,-0.8,-2.23,-0.63,1.27,30.65,87.49,13.5,"Low (<1.0%)","Some College"
"Tennessee",2009,"South",13.3916828104354,30.0953043077813,0.184492839283743,-2.5,-1.9,-4.34,-0.08,-0.92,30,86.12,13.11,"Low (<1.0%)","Some College"
"Tennessee",2010,"South",13.3916828104354,30.0953043077813,0.184492839283743,2.6,1.2,0.09,0.99,2.4,32.28,87.41,13.93,"Low (<1.0%)","Some College"
"Tennessee",2011,"South",13.3916828104354,30.0953043077813,0.184492839283743,1.6,1.1,1.73,0.31,2.08,32.95,89.68,13.89,"Low (<1.0%)","Some College"
"Tennessee",2012,"South",13.3916828104354,30.0953043077813,0.184492839283743,2.2,1.8,1.89,1.61,3.48,38.16,89.15,13.98,"Moderate (1.0-3.0%)","Bachelor's+"
"Tennessee",2013,"South",13.3916828104354,30.0953043077813,0.184492839283743,1.8,1.6,3.96,-1.26,1.74,32.42,88.93,13.92,"Low (<1.0%)","Some College"
"Tennessee",2014,"South",13.3916828104354,30.0953043077813,0.184492839283743,2.5,2.1,2.44,0.73,0.44,32.92,89.41,14.1,"Low (<1.0%)","Some College"
"Tennessee",2015,"South",13.3916828104354,30.0953043077813,0.184492839283743,2.7,2.3,4.73,2.2,2.82,36.64,90.95,14.43,"Moderate (1.0-3.0%)","Some College"
"Tennessee",2016,"South",13.3916828104354,30.0953043077813,0.184492839283743,1.7,1.4,4.62,2.4,2.62,38.32,92.95,14.63,"Moderate (1.0-3.0%)","Bachelor's+"
"Tennessee",2017,"South",13.3916828104354,30.0953043077813,0.184492839283743,2.2,1.9,1.46,2.15,3.25,32.25,90.87,14.27,"Moderate (1.0-3.0%)","Some College"
"Tennessee",2018,"South",13.3916828104354,30.0953043077813,0.184492839283743,2.9,2.5,3.48,3.27,0.8,39.15,90.66,14.52,"High (3.0%+)","Bachelor's+"
"Tennessee",2019,"South",13.3916828104354,30.0953043077813,0.184492839283743,2.3,2,1.03,0.76,1.03,32.92,89.87,13.99,"Low (<1.0%)","Some College"
"Tennessee",2020,"South",13.3916828104354,30.0953043077813,0.184492839283743,-2.8,-1.5,-1.69,0.28,1.34,31.53,90.46,13.94,"Low (<1.0%)","Some College"
"Tennessee",2021,"South",13.3916828104354,30.0953043077813,0.184492839283743,5.9,4.2,4.28,5.63,2.4,39.37,92.04,14.91,"High (3.0%+)","Bachelor's+"
"Tennessee",2022,"South",13.3916828104354,30.0953043077813,0.184492839283743,2.1,1.8,0.56,2.54,1.94,36.89,92.23,14.43,"Moderate (1.0-3.0%)","Some College"
"Tennessee",2023,"South",13.3916828104354,30.0953043077813,0.184492839283743,2.5,2.2,2.93,1.99,1.44,35.77,92.56,14.58,"Moderate (1.0-3.0%)","Some College"
"Tennessee",2024,"South",13.3916828104354,30.0953043077813,0.184492839283743,2.8,2.4,2.94,3.43,1.89,35.84,93.88,14.85,"High (3.0%+)","Some College"
"Texas",2004,"South",13.7274489707099,34.6013942429052,0.20221263980461,3.8,2.4,4.19,1.66,2.15,37.84,87.66,14.2,"Moderate (1.0-3.0%)","Some College"
"Texas",2005,"South",13.7274489707099,34.6013942429052,0.20221263980461,3.5,2.1,3.6,1.05,0.99,37.9,86.26,14.24,"Moderate (1.0-3.0%)","Some College"
"Texas",2006,"South",13.7274489707099,34.6013942429052,0.20221263980461,2.9,2.8,2.11,0.13,3.09,38.31,87,14.02,"Low (<1.0%)","Bachelor's+"
"Texas",2007,"South",13.7274489707099,34.6013942429052,0.20221263980461,1.9,1.5,1.7,1.73,1.86,39.21,87.62,14.28,"Moderate (1.0-3.0%)","Bachelor's+"
"Texas",2008,"South",13.7274489707099,34.6013942429052,0.20221263980461,-0.1,-0.8,2.33,-3.58,2.03,34.42,88.59,13.75,"Low (<1.0%)","Some College"
"Texas",2009,"South",13.7274489707099,34.6013942429052,0.20221263980461,-2.5,-1.9,-2.53,-1.93,2.57,36,89.24,13.95,"Low (<1.0%)","Some College"
"Texas",2010,"South",13.7274489707099,34.6013942429052,0.20221263980461,2.6,1.2,0.62,1.73,2.99,39.85,88.97,14.33,"Moderate (1.0-3.0%)","Bachelor's+"
"Texas",2011,"South",13.7274489707099,34.6013942429052,0.20221263980461,1.6,1.1,0.33,2.05,1.27,37.45,88.77,14.38,"Moderate (1.0-3.0%)","Some College"
"Texas",2012,"South",13.7274489707099,34.6013942429052,0.20221263980461,2.2,1.8,0.55,3.03,3.22,40.82,88.01,14.65,"High (3.0%+)","Bachelor's+"
"Texas",2013,"South",13.7274489707099,34.6013942429052,0.20221263980461,1.8,1.6,0.45,2.34,1.68,40.08,89.26,14.37,"Moderate (1.0-3.0%)","Bachelor's+"
"Texas",2014,"South",13.7274489707099,34.6013942429052,0.20221263980461,2.5,2.1,0.61,1.07,1.67,36.6,88.24,14.43,"Moderate (1.0-3.0%)","Some College"
"Texas",2015,"South",13.7274489707099,34.6013942429052,0.20221263980461,2.7,2.3,-1.24,3.37,1.83,41.02,88.67,14.4,"High (3.0%+)","Bachelor's+"
"Texas",2016,"South",13.7274489707099,34.6013942429052,0.20221263980461,1.7,1.4,2.7,1.48,2.98,40.3,91.32,14.82,"Moderate (1.0-3.0%)","Bachelor's+"
"Texas",2017,"South",13.7274489707099,34.6013942429052,0.20221263980461,2.2,1.9,3.19,-0.34,2.83,40.18,91.77,14.68,"Low (<1.0%)","Bachelor's+"
"Texas",2018,"South",13.7274489707099,34.6013942429052,0.20221263980461,2.9,2.5,2.52,2.36,2.45,40.98,90.71,14.8,"Moderate (1.0-3.0%)","Bachelor's+"
"Texas",2019,"South",13.7274489707099,34.6013942429052,0.20221263980461,2.3,2,1.21,-0.14,2.84,38.39,90.62,14.51,"Low (<1.0%)","Bachelor's+"
"Texas",2020,"South",13.7274489707099,34.6013942429052,0.20221263980461,-2.8,-1.5,-4.02,-2.76,1.99,36.86,89.66,13.78,"Low (<1.0%)","Some College"
"Texas",2021,"South",13.7274489707099,34.6013942429052,0.20221263980461,5.9,4.2,6.5,3.46,3.48,46.18,94.6,15.39,"High (3.0%+)","Bachelor's+"
"Texas",2022,"South",13.7274489707099,34.6013942429052,0.20221263980461,2.1,1.8,2.44,1.1,4.47,40.56,90.39,15.05,"Moderate (1.0-3.0%)","Bachelor's+"
"Texas",2023,"South",13.7274489707099,34.6013942429052,0.20221263980461,2.5,2.2,3.13,3.31,1.94,42.76,92.38,14.99,"High (3.0%+)","Bachelor's+"
"Texas",2024,"South",13.7274489707099,34.6013942429052,0.20221263980461,2.8,2.4,2.81,2.32,5.24,44.16,94.24,15.3,"Moderate (1.0-3.0%)","Bachelor's+"
"Utah",2004,"West",13.281988551877,37.56444182556,0.21882220483647,3.8,2.4,4.73,1.28,4.4,40.14,87.93,14.04,"Moderate (1.0-3.0%)","Bachelor's+"
"Utah",2005,"West",13.281988551877,37.56444182556,0.21882220483647,3.5,2.1,4.15,1.34,2.81,41.11,86.93,14.09,"Moderate (1.0-3.0%)","Bachelor's+"
"Utah",2006,"West",13.281988551877,37.56444182556,0.21882220483647,2.9,2.8,3.74,2.11,0.57,41.86,88.13,13.74,"Moderate (1.0-3.0%)","Bachelor's+"
"Utah",2007,"West",13.281988551877,37.56444182556,0.21882220483647,1.9,1.5,2.64,1.73,2.31,41.04,88.66,13.91,"Moderate (1.0-3.0%)","Bachelor's+"
"Utah",2008,"West",13.281988551877,37.56444182556,0.21882220483647,-0.1,-0.8,2.39,-0.15,2.3,37.88,87.2,13.45,"Low (<1.0%)","Some College"
"Utah",2009,"West",13.281988551877,37.56444182556,0.21882220483647,-2.5,-1.9,-4.08,-2.41,2.51,34.48,86.63,13.14,"Low (<1.0%)","Some College"
"Utah",2010,"West",13.281988551877,37.56444182556,0.21882220483647,2.6,1.2,4.86,0.79,3.91,42.03,90.2,14.21,"Low (<1.0%)","Bachelor's+"
"Utah",2011,"West",13.281988551877,37.56444182556,0.21882220483647,1.6,1.1,1.1,1.72,0.14,40.97,87.64,13.96,"Moderate (1.0-3.0%)","Bachelor's+"
"Utah",2012,"West",13.281988551877,37.56444182556,0.21882220483647,2.2,1.8,2.1,0.76,2.96,39.76,89.32,13.84,"Low (<1.0%)","Bachelor's+"
"Utah",2013,"West",13.281988551877,37.56444182556,0.21882220483647,1.8,1.6,1.92,1.41,1.44,42.49,89.1,14.05,"Moderate (1.0-3.0%)","Bachelor's+"
"Utah",2014,"West",13.281988551877,37.56444182556,0.21882220483647,2.5,2.1,1.83,1.93,0.51,43.31,89.22,14.01,"Moderate (1.0-3.0%)","Bachelor's+"
"Utah",2015,"West",13.281988551877,37.56444182556,0.21882220483647,2.7,2.3,-1.13,1.38,2.76,40.79,89.21,13.98,"Moderate (1.0-3.0%)","Bachelor's+"
"Utah",2016,"West",13.281988551877,37.56444182556,0.21882220483647,1.7,1.4,1.23,0.61,3.09,43.51,91.31,14.2,"Low (<1.0%)","Bachelor's+"
"Utah",2017,"West",13.281988551877,37.56444182556,0.21882220483647,2.2,1.9,2.26,1.53,2.2,44.47,91.52,14.22,"Moderate (1.0-3.0%)","Bachelor's+"
"Utah",2018,"West",13.281988551877,37.56444182556,0.21882220483647,2.9,2.5,0.29,1.44,3.81,43.2,91.13,14.41,"Moderate (1.0-3.0%)","Bachelor's+"
"Utah",2019,"West",13.281988551877,37.56444182556,0.21882220483647,2.3,2,3.12,1.89,2.56,44.07,91.32,14.31,"Moderate (1.0-3.0%)","Bachelor's+"
"Utah",2020,"West",13.281988551877,37.56444182556,0.21882220483647,-2.8,-1.5,-3.7,-3.03,-1.13,36.75,88,13.49,"Low (<1.0%)","Some College"
"Utah",2021,"West",13.281988551877,37.56444182556,0.21882220483647,5.9,4.2,8.07,4.65,5.51,47.89,93.13,15.37,"High (3.0%+)","Bachelor's+"
"Utah",2022,"West",13.281988551877,37.56444182556,0.21882220483647,2.1,1.8,2.5,1.24,1.94,44.88,92.94,14.19,"Moderate (1.0-3.0%)","Bachelor's+"
"Utah",2023,"West",13.281988551877,37.56444182556,0.21882220483647,2.5,2.2,1.32,3.16,2.56,45.8,91.44,14.53,"High (3.0%+)","Bachelor's+"
"Utah",2024,"West",13.281988551877,37.56444182556,0.21882220483647,2.8,2.4,3.05,2.91,1.81,45.75,92.48,14.51,"Moderate (1.0-3.0%)","Bachelor's+"
"Vermont",2004,"Northeast",13.0895156866742,27.5568444822084,0.203445246037683,3.8,2.4,4.19,1.79,1.69,28.02,88.26,13.75,"Moderate (1.0-3.0%)","High School or Less"
"Vermont",2005,"Northeast",13.0895156866742,27.5568444822084,0.203445246037683,3.5,2.1,4.87,1.68,3.99,32.99,87.25,14.04,"Moderate (1.0-3.0%)","Some College"
"Vermont",2006,"Northeast",13.0895156866742,27.5568444822084,0.203445246037683,2.9,2.8,2.66,3.53,1.72,32.82,88.96,13.41,"High (3.0%+)","Some College"
"Vermont",2007,"Northeast",13.0895156866742,27.5568444822084,0.203445246037683,1.9,1.5,-1.15,2.38,1.01,28.55,86.67,13.68,"Moderate (1.0-3.0%)","High School or Less"
"Vermont",2008,"Northeast",13.0895156866742,27.5568444822084,0.203445246037683,-0.1,-0.8,-2.05,-0.23,2.25,29.41,85.13,13.24,"Low (<1.0%)","High School or Less"
"Vermont",2009,"Northeast",13.0895156866742,27.5568444822084,0.203445246037683,-2.5,-1.9,-3.79,-1.51,-2.21,25.7,85.18,12.79,"Low (<1.0%)","High School or Less"
"Vermont",2010,"Northeast",13.0895156866742,27.5568444822084,0.203445246037683,2.6,1.2,3.24,-0.94,1.85,28.94,88.63,13.39,"Low (<1.0%)","High School or Less"
"Vermont",2011,"Northeast",13.0895156866742,27.5568444822084,0.203445246037683,1.6,1.1,1.17,1.24,4.19,30.84,90.2,13.81,"Moderate (1.0-3.0%)","Some College"
"Vermont",2012,"Northeast",13.0895156866742,27.5568444822084,0.203445246037683,2.2,1.8,1.28,0.1,2.38,30.51,89.89,13.56,"Low (<1.0%)","Some College"
"Vermont",2013,"Northeast",13.0895156866742,27.5568444822084,0.203445246037683,1.8,1.6,0.53,1.69,0.14,29.59,89.25,13.77,"Moderate (1.0-3.0%)","High School or Less"
"Vermont",2014,"Northeast",13.0895156866742,27.5568444822084,0.203445246037683,2.5,2.1,2.73,1.31,2.76,31.52,90.36,13.78,"Moderate (1.0-3.0%)","Some College"
"Vermont",2015,"Northeast",13.0895156866742,27.5568444822084,0.203445246037683,2.7,2.3,1.42,2.17,2.48,34.47,89.85,13.84,"Moderate (1.0-3.0%)","Some College"
"Vermont",2016,"Northeast",13.0895156866742,27.5568444822084,0.203445246037683,1.7,1.4,1.1,-0.02,1.4,29.65,89.51,13.78,"Low (<1.0%)","High School or Less"
"Vermont",2017,"Northeast",13.0895156866742,27.5568444822084,0.203445246037683,2.2,1.9,0.79,1.7,1.41,32.54,89.24,13.89,"Moderate (1.0-3.0%)","Some College"
"Vermont",2018,"Northeast",13.0895156866742,27.5568444822084,0.203445246037683,2.9,2.5,0.82,4.32,2.2,32.59,91.38,14.2,"High (3.0%+)","Some College"
"Vermont",2019,"Northeast",13.0895156866742,27.5568444822084,0.203445246037683,2.3,2,3.73,4.19,4.13,36.65,92.05,14.43,"High (3.0%+)","Some College"
"Vermont",2020,"Northeast",13.0895156866742,27.5568444822084,0.203445246037683,-2.8,-1.5,-4.78,-4.49,-0.44,26.25,89.98,13.02,"Low (<1.0%)","High School or Less"
"Vermont",2021,"Northeast",13.0895156866742,27.5568444822084,0.203445246037683,5.9,4.2,6.01,2.21,4.66,38.35,95.04,14.56,"Moderate (1.0-3.0%)","Bachelor's+"
"Vermont",2022,"Northeast",13.0895156866742,27.5568444822084,0.203445246037683,2.1,1.8,1.25,0.09,0.13,30.55,91.73,13.88,"Low (<1.0%)","Some College"
"Vermont",2023,"Northeast",13.0895156866742,27.5568444822084,0.203445246037683,2.5,2.2,0.91,0.67,4.66,33.24,92.36,14.26,"Low (<1.0%)","Some College"
"Vermont",2024,"Northeast",13.0895156866742,27.5568444822084,0.203445246037683,2.8,2.4,3.19,4.89,3.88,38.87,93.98,14.98,"High (3.0%+)","Bachelor's+"
"Virginia",2004,"South",13.6298454077666,28.5568296524886,0.264535440934728,3.8,2.4,4.36,3.62,2.56,34.6,87.25,14.4,"High (3.0%+)","Some College"
"Virginia",2005,"South",13.6298454077666,28.5568296524886,0.264535440934728,3.5,2.1,5.4,1.97,3.5,33.59,88.68,14.27,"Moderate (1.0-3.0%)","Some College"
"Virginia",2006,"South",13.6298454077666,28.5568296524886,0.264535440934728,2.9,2.8,3.39,3.98,1.54,33.87,89.23,14.34,"High (3.0%+)","Some College"
"Virginia",2007,"South",13.6298454077666,28.5568296524886,0.264535440934728,1.9,1.5,1.69,4.21,1.39,32.82,87.05,14.21,"High (3.0%+)","Some College"
"Virginia",2008,"South",13.6298454077666,28.5568296524886,0.264535440934728,-0.1,-0.8,3.8,-0.04,3.5,33.55,88.02,14.29,"Low (<1.0%)","Some College"
"Virginia",2009,"South",13.6298454077666,28.5568296524886,0.264535440934728,-2.5,-1.9,-3.48,0.23,-1.52,28.27,85.37,13.45,"Low (<1.0%)","High School or Less"
"Virginia",2010,"South",13.6298454077666,28.5568296524886,0.264535440934728,2.6,1.2,1.1,-0.18,3.14,31.67,89.57,14.05,"Low (<1.0%)","Some College"
"Virginia",2011,"South",13.6298454077666,28.5568296524886,0.264535440934728,1.6,1.1,0.8,-0.2,3.24,30.92,89.29,14.12,"Low (<1.0%)","Some College"
"Virginia",2012,"South",13.6298454077666,28.5568296524886,0.264535440934728,2.2,1.8,2.03,3.08,2.76,35.03,90.32,14.45,"High (3.0%+)","Some College"
"Virginia",2013,"South",13.6298454077666,28.5568296524886,0.264535440934728,1.8,1.6,2.7,2.67,1.86,34.29,90.17,14.51,"Moderate (1.0-3.0%)","Some College"
"Virginia",2014,"South",13.6298454077666,28.5568296524886,0.264535440934728,2.5,2.1,3.12,3.14,3.7,33.91,90.5,14.65,"High (3.0%+)","Some College"
"Virginia",2015,"South",13.6298454077666,28.5568296524886,0.264535440934728,2.7,2.3,2.54,2.88,2.52,34.34,90.41,14.67,"Moderate (1.0-3.0%)","Some College"
"Virginia",2016,"South",13.6298454077666,28.5568296524886,0.264535440934728,1.7,1.4,0.42,0.83,4.26,32.14,90.38,14.66,"Low (<1.0%)","Some College"
"Virginia",2017,"South",13.6298454077666,28.5568296524886,0.264535440934728,2.2,1.9,3.89,3.04,3.77,38.35,90.82,14.86,"High (3.0%+)","Bachelor's+"
"Virginia",2018,"South",13.6298454077666,28.5568296524886,0.264535440934728,2.9,2.5,4.27,4.72,5.51,41.27,92.19,15.29,"High (3.0%+)","Bachelor's+"
"Virginia",2019,"South",13.6298454077666,28.5568296524886,0.264535440934728,2.3,2,1.21,3.49,1.63,38.82,90.59,14.58,"High (3.0%+)","Bachelor's+"
"Virginia",2020,"South",13.6298454077666,28.5568296524886,0.264535440934728,-2.8,-1.5,-1.77,-3.16,2.85,33.64,91.17,13.99,"Low (<1.0%)","Some College"
"Virginia",2021,"South",13.6298454077666,28.5568296524886,0.264535440934728,5.9,4.2,6.58,4.77,5.14,40.27,92.58,15.42,"High (3.0%+)","Bachelor's+"
"Virginia",2022,"South",13.6298454077666,28.5568296524886,0.264535440934728,2.1,1.8,3.67,1.81,3.87,36.19,91.82,15.04,"Moderate (1.0-3.0%)","Some College"
"Virginia",2023,"South",13.6298454077666,28.5568296524886,0.264535440934728,2.5,2.2,2.72,2.3,4.94,37.53,94.24,15.07,"Moderate (1.0-3.0%)","Some College"
"Virginia",2024,"South",13.6298454077666,28.5568296524886,0.264535440934728,2.8,2.4,1.09,2.18,3.74,38.78,92.49,14.92,"Moderate (1.0-3.0%)","Bachelor's+"
"Washington",2004,"West",13.256582047144,27.4730452765849,0.200760286333841,3.8,2.4,5,0.88,4.82,31.03,89.26,14.14,"Low (<1.0%)","Some College"
"Washington",2005,"West",13.256582047144,27.4730452765849,0.200760286333841,3.5,2.1,2.41,2.5,4.38,31.29,88.58,13.9,"Moderate (1.0-3.0%)","Some College"
"Washington",2006,"West",13.256582047144,27.4730452765849,0.200760286333841,2.9,2.8,3.69,4.42,2.25,32.41,87.29,14.14,"High (3.0%+)","Some College"
"Washington",2007,"West",13.256582047144,27.4730452765849,0.200760286333841,1.9,1.5,4.41,3.46,4.15,33.64,88.02,14.23,"High (3.0%+)","Some College"
"Washington",2008,"West",13.256582047144,27.4730452765849,0.200760286333841,-0.1,-0.8,-2.23,-0.22,2.85,29.06,86.65,13.37,"Low (<1.0%)","High School or Less"
"Washington",2009,"West",13.256582047144,27.4730452765849,0.200760286333841,-2.5,-1.9,-0.16,-2.78,-0.29,24.67,85.7,13.27,"Low (<1.0%)","High School or Less"
"Washington",2010,"West",13.256582047144,27.4730452765849,0.200760286333841,2.6,1.2,4.63,0.5,4.89,33.02,90.07,14.21,"Low (<1.0%)","Some College"
"Washington",2011,"West",13.256582047144,27.4730452765849,0.200760286333841,1.6,1.1,0.81,0.37,0.95,27.76,87.93,13.91,"Low (<1.0%)","High School or Less"
"Washington",2012,"West",13.256582047144,27.4730452765849,0.200760286333841,2.2,1.8,1.82,2.52,0.78,33.09,87.71,13.99,"Moderate (1.0-3.0%)","Some College"
"Washington",2013,"West",13.256582047144,27.4730452765849,0.200760286333841,1.8,1.6,0.77,1.32,2.11,32.36,88.45,13.94,"Moderate (1.0-3.0%)","Some College"
"Washington",2014,"West",13.256582047144,27.4730452765849,0.200760286333841,2.5,2.1,1.64,5.59,0.43,34.34,90.27,14.36,"High (3.0%+)","Some College"
"Washington",2015,"West",13.256582047144,27.4730452765849,0.200760286333841,2.7,2.3,3.57,1.98,2.14,33.15,91.32,14.46,"Moderate (1.0-3.0%)","Some College"
"Washington",2016,"West",13.256582047144,27.4730452765849,0.200760286333841,1.7,1.4,0.35,1.58,3.12,33.54,91.02,14.02,"Moderate (1.0-3.0%)","Some College"
"Washington",2017,"West",13.256582047144,27.4730452765849,0.200760286333841,2.2,1.9,1.91,1.65,2.67,33.82,90.11,14.21,"Moderate (1.0-3.0%)","Some College"
"Washington",2018,"West",13.256582047144,27.4730452765849,0.200760286333841,2.9,2.5,2.68,1.73,4.35,32.95,92.7,14.39,"Moderate (1.0-3.0%)","Some College"
"Washington",2019,"West",13.256582047144,27.4730452765849,0.200760286333841,2.3,2,2.16,3.02,2.98,37.63,90.64,14.34,"High (3.0%+)","Some College"
"Washington",2020,"West",13.256582047144,27.4730452765849,0.200760286333841,-2.8,-1.5,-2.53,-2.13,-0.81,27.08,90.21,13.5,"Low (<1.0%)","High School or Less"
"Washington",2021,"West",13.256582047144,27.4730452765849,0.200760286333841,5.9,4.2,8.29,4.2,3.11,37.36,93.31,14.91,"High (3.0%+)","Some College"
"Washington",2022,"West",13.256582047144,27.4730452765849,0.200760286333841,2.1,1.8,1.42,1.46,2.62,34.25,93.06,14.24,"Moderate (1.0-3.0%)","Some College"
"Washington",2023,"West",13.256582047144,27.4730452765849,0.200760286333841,2.5,2.2,1.31,-1.19,1.88,32.18,92.58,14.1,"Low (<1.0%)","Some College"
"Washington",2024,"West",13.256582047144,27.4730452765849,0.200760286333841,2.8,2.4,3.99,3.18,4.29,37.25,92.22,15.03,"High (3.0%+)","Some College"
"West Virginia",2004,"South",13.9332303785164,26.1631440019904,0.202673238695971,3.8,2.4,4.37,2.59,3.49,29.49,88.96,14.73,"Moderate (1.0-3.0%)","High School or Less"
"West Virginia",2005,"South",13.9332303785164,26.1631440019904,0.202673238695971,3.5,2.1,3.85,1.08,1.82,29.64,87.33,14.63,"Moderate (1.0-3.0%)","High School or Less"
"West Virginia",2006,"South",13.9332303785164,26.1631440019904,0.202673238695971,2.9,2.8,3.79,4.44,2.48,32.62,87.44,14.71,"High (3.0%+)","Some College"
"West Virginia",2007,"South",13.9332303785164,26.1631440019904,0.202673238695971,1.9,1.5,-0.22,-0.02,3.16,30.62,87.15,14.36,"Low (<1.0%)","Some College"
"West Virginia",2008,"South",13.9332303785164,26.1631440019904,0.202673238695971,-0.1,-0.8,1.49,-2.93,1.31,25.33,86.78,14.18,"Low (<1.0%)","High School or Less"
"West Virginia",2009,"South",13.9332303785164,26.1631440019904,0.202673238695971,-2.5,-1.9,-1.82,-2.72,-0.35,25.34,86.48,13.62,"Low (<1.0%)","High School or Less"
"West Virginia",2010,"South",13.9332303785164,26.1631440019904,0.202673238695971,2.6,1.2,4.03,-0.22,3.89,29.58,88.46,14.39,"Low (<1.0%)","High School or Less"
"West Virginia",2011,"South",13.9332303785164,26.1631440019904,0.202673238695971,1.6,1.1,0.7,2.05,2.43,30.56,89.79,14.55,"Moderate (1.0-3.0%)","Some College"
"West Virginia",2012,"South",13.9332303785164,26.1631440019904,0.202673238695971,2.2,1.8,-0.56,1.9,0.88,27.97,88.22,14.52,"Moderate (1.0-3.0%)","High School or Less"
"West Virginia",2013,"South",13.9332303785164,26.1631440019904,0.202673238695971,1.8,1.6,1.07,1.16,2.27,27.73,87.4,14.64,"Moderate (1.0-3.0%)","High School or Less"
"West Virginia",2014,"South",13.9332303785164,26.1631440019904,0.202673238695971,2.5,2.1,1.14,2.11,2.53,28.32,88.6,14.83,"Moderate (1.0-3.0%)","High School or Less"
"West Virginia",2015,"South",13.9332303785164,26.1631440019904,0.202673238695971,2.7,2.3,6.03,1.16,2.89,34.06,90.91,14.87,"Moderate (1.0-3.0%)","Some College"
"West Virginia",2016,"South",13.9332303785164,26.1631440019904,0.202673238695971,1.7,1.4,1.08,1.62,2.76,31.33,87.94,14.71,"Moderate (1.0-3.0%)","Some College"
"West Virginia",2017,"South",13.9332303785164,26.1631440019904,0.202673238695971,2.2,1.9,1.88,2.13,1.73,32.18,88.77,15.02,"Moderate (1.0-3.0%)","Some College"
"West Virginia",2018,"South",13.9332303785164,26.1631440019904,0.202673238695971,2.9,2.5,4.49,2.41,2.94,31.29,90.27,15.19,"Moderate (1.0-3.0%)","Some College"
"West Virginia",2019,"South",13.9332303785164,26.1631440019904,0.202673238695971,2.3,2,3.23,2,3.86,33.33,92.57,15.14,"Moderate (1.0-3.0%)","Some College"
"West Virginia",2020,"South",13.9332303785164,26.1631440019904,0.202673238695971,-2.8,-1.5,-1.79,-2.83,1.12,27.33,90.47,14.28,"Low (<1.0%)","High School or Less"
"West Virginia",2021,"South",13.9332303785164,26.1631440019904,0.202673238695971,5.9,4.2,9.85,5.32,2.95,40.66,93.65,16.05,"High (3.0%+)","Bachelor's+"
"West Virginia",2022,"South",13.9332303785164,26.1631440019904,0.202673238695971,2.1,1.8,2.35,0.02,2.39,31,90.97,14.68,"Low (<1.0%)","Some College"
"West Virginia",2023,"South",13.9332303785164,26.1631440019904,0.202673238695971,2.5,2.2,5.36,4.87,1.57,37.18,92.59,15.4,"High (3.0%+)","Some College"
"West Virginia",2024,"South",13.9332303785164,26.1631440019904,0.202673238695971,2.8,2.4,3.18,4.35,2.32,35.37,91.9,15.57,"High (3.0%+)","Some College"
"Wisconsin",2004,"Midwest",13.370566139216,32.3199302129646,0.247874503062084,3.8,2.4,1.61,3.02,1.72,36.81,86.84,14.07,"High (3.0%+)","Some College"
"Wisconsin",2005,"Midwest",13.370566139216,32.3199302129646,0.247874503062084,3.5,2.1,0.16,0.48,5.86,35.49,87.93,13.78,"Low (<1.0%)","Some College"
"Wisconsin",2006,"Midwest",13.370566139216,32.3199302129646,0.247874503062084,2.9,2.8,3.87,3.31,3.75,38.4,88.12,14.16,"High (3.0%+)","Bachelor's+"
"Wisconsin",2007,"Midwest",13.370566139216,32.3199302129646,0.247874503062084,1.9,1.5,0.4,-0.5,2.65,33.78,87.71,13.61,"Low (<1.0%)","Some College"
"Wisconsin",2008,"Midwest",13.370566139216,32.3199302129646,0.247874503062084,-0.1,-0.8,-0.04,-1.12,2.23,33.56,88.41,13.46,"Low (<1.0%)","Some College"
"Wisconsin",2009,"Midwest",13.370566139216,32.3199302129646,0.247874503062084,-2.5,-1.9,0.17,-0.95,1.42,33.69,87.75,13.47,"Low (<1.0%)","Some College"
"Wisconsin",2010,"Midwest",13.370566139216,32.3199302129646,0.247874503062084,2.6,1.2,3.12,2.21,-0.28,36.33,87.58,13.86,"Moderate (1.0-3.0%)","Some College"
"Wisconsin",2011,"Midwest",13.370566139216,32.3199302129646,0.247874503062084,1.6,1.1,1.17,1.14,4.53,36.96,90.67,14.14,"Moderate (1.0-3.0%)","Some College"
"Wisconsin",2012,"Midwest",13.370566139216,32.3199302129646,0.247874503062084,2.2,1.8,-0.69,1.51,1.17,36.46,88.5,13.87,"Moderate (1.0-3.0%)","Some College"
"Wisconsin",2013,"Midwest",13.370566139216,32.3199302129646,0.247874503062084,1.8,1.6,0.6,1.92,1.15,36.31,88.51,13.89,"Moderate (1.0-3.0%)","Some College"
"Wisconsin",2014,"Midwest",13.370566139216,32.3199302129646,0.247874503062084,2.5,2.1,1.64,0.19,1.74,35.35,89.44,13.97,"Low (<1.0%)","Some College"
"Wisconsin",2015,"Midwest",13.370566139216,32.3199302129646,0.247874503062084,2.7,2.3,3.73,1.85,4.41,39.58,91.09,14.53,"Moderate (1.0-3.0%)","Bachelor's+"
"Wisconsin",2016,"Midwest",13.370566139216,32.3199302129646,0.247874503062084,1.7,1.4,2.43,3.58,3.62,38.64,90.57,14.45,"High (3.0%+)","Bachelor's+"
"Wisconsin",2017,"Midwest",13.370566139216,32.3199302129646,0.247874503062084,2.2,1.9,2.22,-0.19,4.25,40.18,90.49,14.12,"Low (<1.0%)","Bachelor's+"
"Wisconsin",2018,"Midwest",13.370566139216,32.3199302129646,0.247874503062084,2.9,2.5,3.17,4.45,3.29,44.42,91.89,14.76,"High (3.0%+)","Bachelor's+"
"Wisconsin",2019,"Midwest",13.370566139216,32.3199302129646,0.247874503062084,2.3,2,1.87,2.63,2.42,39.53,91.08,14.54,"Moderate (1.0-3.0%)","Bachelor's+"
"Wisconsin",2020,"Midwest",13.370566139216,32.3199302129646,0.247874503062084,-2.8,-1.5,-2.75,-1.93,0.87,34.15,89.47,13.58,"Low (<1.0%)","Some College"
"Wisconsin",2021,"Midwest",13.370566139216,32.3199302129646,0.247874503062084,5.9,4.2,6.31,6.89,2.02,43.48,91.25,15,"High (3.0%+)","Bachelor's+"
"Wisconsin",2022,"Midwest",13.370566139216,32.3199302129646,0.247874503062084,2.1,1.8,2.77,1.75,3.14,40.79,91.92,14.67,"Moderate (1.0-3.0%)","Bachelor's+"
"Wisconsin",2023,"Midwest",13.370566139216,32.3199302129646,0.247874503062084,2.5,2.2,5.24,4.47,3.17,44.74,93.56,15.01,"High (3.0%+)","Bachelor's+"
"Wisconsin",2024,"Midwest",13.370566139216,32.3199302129646,0.247874503062084,2.8,2.4,1.13,2.43,1.88,41.05,92.78,14.78,"Moderate (1.0-3.0%)","Bachelor's+"
"Wyoming",2004,"West",13.6966943650207,34.6128173585968,0.177745263473164,3.8,2.4,6.01,3.06,5.07,41.33,87.5,14.67,"High (3.0%+)","Bachelor's+"
"Wyoming",2005,"West",13.6966943650207,34.6128173585968,0.177745263473164,3.5,2.1,4.51,1.41,4.81,41.17,89.58,14.56,"Moderate (1.0-3.0%)","Bachelor's+"
"Wyoming",2006,"West",13.6966943650207,34.6128173585968,0.177745263473164,2.9,2.8,0.58,1.69,5.12,40.5,86.87,14.3,"Moderate (1.0-3.0%)","Bachelor's+"
"Wyoming",2007,"West",13.6966943650207,34.6128173585968,0.177745263473164,1.9,1.5,1.48,-0.9,3,36.05,87.32,13.98,"Low (<1.0%)","Some College"
"Wyoming",2008,"West",13.6966943650207,34.6128173585968,0.177745263473164,-0.1,-0.8,-1.04,-1.55,1.57,34.99,87.32,13.87,"Low (<1.0%)","Some College"
"Wyoming",2009,"West",13.6966943650207,34.6128173585968,0.177745263473164,-2.5,-1.9,-3.9,-1.03,-0.26,34.36,86.71,13.61,"Low (<1.0%)","Some College"
"Wyoming",2010,"West",13.6966943650207,34.6128173585968,0.177745263473164,2.6,1.2,0.29,-0.12,2.05,36.21,88.15,14.05,"Low (<1.0%)","Some College"
"Wyoming",2011,"West",13.6966943650207,34.6128173585968,0.177745263473164,1.6,1.1,0.86,-0.29,4.32,37.94,88.56,14.38,"Low (<1.0%)","Some College"
"Wyoming",2012,"West",13.6966943650207,34.6128173585968,0.177745263473164,2.2,1.8,1.55,1.27,2.18,37.1,87.66,14.54,"Moderate (1.0-3.0%)","Some College"
"Wyoming",2013,"West",13.6966943650207,34.6128173585968,0.177745263473164,1.8,1.6,1.31,1.79,4.44,38.69,88.89,14.59,"Moderate (1.0-3.0%)","Bachelor's+"
"Wyoming",2014,"West",13.6966943650207,34.6128173585968,0.177745263473164,2.5,2.1,-0.59,1.51,1.56,34.86,89.18,14.4,"Moderate (1.0-3.0%)","Some College"
"Wyoming",2015,"West",13.6966943650207,34.6128173585968,0.177745263473164,2.7,2.3,3.36,3.75,3.26,40.99,90.85,14.79,"High (3.0%+)","Bachelor's+"
"Wyoming",2016,"West",13.6966943650207,34.6128173585968,0.177745263473164,1.7,1.4,2.82,1.75,5.82,40.85,91.43,14.94,"Moderate (1.0-3.0%)","Bachelor's+"
"Wyoming",2017,"West",13.6966943650207,34.6128173585968,0.177745263473164,2.2,1.9,3.38,1.86,3.05,42.15,91.04,14.81,"Moderate (1.0-3.0%)","Bachelor's+"
"Wyoming",2018,"West",13.6966943650207,34.6128173585968,0.177745263473164,2.9,2.5,4.06,1.18,1.47,38.97,91.22,14.88,"Moderate (1.0-3.0%)","Bachelor's+"
"Wyoming",2019,"West",13.6966943650207,34.6128173585968,0.177745263473164,2.3,2,2.6,0.88,1.97,39.71,91.33,14.67,"Low (<1.0%)","Bachelor's+"
"Wyoming",2020,"West",13.6966943650207,34.6128173585968,0.177745263473164,-2.8,-1.5,-0.6,-0.95,0.55,36.29,92.86,14.24,"Low (<1.0%)","Some College"
"Wyoming",2021,"West",13.6966943650207,34.6128173585968,0.177745263473164,5.9,4.2,4.59,3.8,3.48,43.1,92.61,15.07,"High (3.0%+)","Bachelor's+"
"Wyoming",2022,"West",13.6966943650207,34.6128173585968,0.177745263473164,2.1,1.8,0.26,3.13,1.39,40.69,90.56,14.9,"High (3.0%+)","Bachelor's+"
"Wyoming",2023,"West",13.6966943650207,34.6128173585968,0.177745263473164,2.5,2.2,3.01,0.24,3.36,42.65,93.59,14.92,"Low (<1.0%)","Bachelor's+"
"Wyoming",2024,"West",13.6966943650207,34.6128173585968,0.177745263473164,2.8,2.4,3.46,2.8,4.99,42.15,94.63,15.27,"Moderate (1.0-3.0%)","Bachelor's+"
